# Generated by tools/gen_unicode_math.py from unicode-math-table.tex,
# part of the unicode-math package (LPPL 1.3c):
# https://github.com/latex3/unicode-math
# Do not edit by hand; put additions in latex.tsv or extra.tsv.
#
# name	codepoint	description
mathexclam	U+0021	exclamation mark
mathoctothorpe	U+0023	number sign
mathdollar	U+0024	dollar sign
mathpercent	U+0025	percent sign
mathampersand	U+0026	ampersand
lparen	U+0028	left parenthesis
rparen	U+0029	right parenthesis
mathplus	U+002B	plus sign b:
mathcomma	U+002C	comma
mathperiod	U+002E	full stop, period
mathslash	U+002F	solidus
mathcolon	U+003A	colon
mathsemicolon	U+003B	semicolon p:
less	U+003C	less-than sign r:
equal	U+003D	equals sign r:
greater	U+003E	greater-than sign r:
mathquestion	U+003F	question mark
mathatsign	U+0040	commercial at
lbrack	U+005B	left square bracket
backslash	U+005C	reverse solidus
rbrack	U+005D	right square bracket
lbrace	U+007B	left curly bracket
vert	U+007C	vertical bar
rbrace	U+007D	right curly bracket
mathsterling	U+00A3	pound sign
mathyen	U+00A5	yen sign
mathsection	U+00A7	section symbol
neg	U+00AC	/neg /lnot not sign
pm	U+00B1	plus-or-minus sign
mathparagraph	U+00B6	paragraph symbol
cdotp	U+00B7	/centerdot b: middle dot
times	U+00D7	multiply sign
matheth	U+00F0	eth
div	U+00F7	divide sign
Zbar	U+01B5	impedance (latin capital letter z with stroke)
grave	U+0300	grave accent
acute	U+0301	acute accent
hat	U+0302	circumflex accent
widehat	U+0302	circumflex accent
tilde	U+0303	tilde
widetilde	U+0303	tilde
bar	U+0304	macron
overbar	U+0305	overbar embellishment
wideoverbar	U+0305	stretchy overbar embellishment
breve	U+0306	breve
widebreve	U+0306	stretchy breve
dot	U+0307	dot above
ddot	U+0308	dieresis
ovhook	U+0309	combining hook above
ocirc	U+030A	ring
check	U+030C	caron
widecheck	U+030C	stretchy caron
candra	U+0310	candrabindu (non-spacing)
oturnedcomma	U+0312	combining turned comma above
ocommatopright	U+0315	combining comma above right
droang	U+031A	left angle above (non-spacing)
wideutilde	U+0330	under tilde accent (multiple characters and non-spacing)
mathunderbar	U+0332	combining low line
notaccent	U+0338	combining long solidus overlay
underleftrightarrow	U+034D	underleftrightarrow accent
mupAlpha	U+0391	capital alpha, greek
mupBeta	U+0392	capital beta, greek
mupGamma	U+0393	capital gamma, greek
mupDelta	U+0394	capital delta, greek
mupEpsilon	U+0395	capital epsilon, greek
mupZeta	U+0396	capital zeta, greek
mupEta	U+0397	capital eta, greek
mupTheta	U+0398	capital theta, greek
mupIota	U+0399	capital iota, greek
mupKappa	U+039A	capital kappa, greek
mupLambda	U+039B	capital lambda, greek
mupMu	U+039C	capital mu, greek
mupNu	U+039D	capital nu, greek
mupXi	U+039E	capital xi, greek
mupOmicron	U+039F	capital omicron, greek
mupPi	U+03A0	capital pi, greek
mupRho	U+03A1	capital rho, greek
mupSigma	U+03A3	capital sigma, greek
mupTau	U+03A4	capital tau, greek
mupUpsilon	U+03A5	capital upsilon, greek
mupPhi	U+03A6	capital phi, greek
mupChi	U+03A7	capital chi, greek
mupPsi	U+03A8	capital psi, greek
mupOmega	U+03A9	capital omega, greek
mupalpha	U+03B1	small alpha, greek
mupbeta	U+03B2	small beta, greek
mupgamma	U+03B3	small gamma, greek
mupdelta	U+03B4	small delta, greek
mupvarepsilon	U+03B5	rounded small varepsilon, greek
mupzeta	U+03B6	small zeta, greek
mupeta	U+03B7	small eta, greek
muptheta	U+03B8	straight theta, small theta, greek
mupiota	U+03B9	small iota, greek
mupkappa	U+03BA	small kappa, greek
muplambda	U+03BB	small lambda, greek
mupmu	U+03BC	small mu, greek
mupnu	U+03BD	small nu, greek
mupxi	U+03BE	small xi, greek
mupomicron	U+03BF	small omicron, greek
muppi	U+03C0	small pi, greek
muprho	U+03C1	small rho, greek
mupvarsigma	U+03C2	terminal sigma, greek
mupsigma	U+03C3	small sigma, greek
muptau	U+03C4	small tau, greek
mupupsilon	U+03C5	small upsilon, greek
mupvarphi	U+03C6	curly or open small phi, greek
mupchi	U+03C7	small chi, greek
muppsi	U+03C8	small psi, greek
mupomega	U+03C9	small omega, greek
mupvartheta	U+03D1	/vartheta - curly or open theta
mupphi	U+03D5	/straightphi - small phi, greek
mupvarpi	U+03D6	rounded small pi (pomega), greek
upDigamma	U+03DC	capital digamma
updigamma	U+03DD	old greek small letter digamma
mupvarkappa	U+03F0	rounded small kappa, greek
mupvarrho	U+03F1	rounded small rho, greek
mupvarTheta	U+03F4	greek capital theta symbol
mupepsilon	U+03F5	greek lunate varepsilon symbol
upbackepsilon	U+03F6	greek reversed lunate epsilon symbol
mathhyphen	U+2010	hyphen
horizbar	U+2015	horizontal bar
Vert	U+2016	double vertical bar
twolowline	U+2017	double low line (spacing)
dagger	U+2020	dagger relation
ddagger	U+2021	double dagger relation
smblkcircle	U+2022	/bullet b: round bullet, filled
enleadertwodots	U+2025	double baseline dot (en leader)
unicodeellipsis	U+2026	ellipsis (horizontal)
prime	U+2032	prime or minute, not superscripted
dprime	U+2033	double prime or second, not superscripted
trprime	U+2034	triple prime (not superscripted)
backprime	U+2035	reverse prime, not superscripted
backdprime	U+2036	double reverse prime, not superscripted
backtrprime	U+2037	triple reverse prime, not superscripted
caretinsert	U+2038	caret (insertion mark)
Exclam	U+203C	double exclamation mark
tieconcat	U+2040	character tie, z notation sequence concatenation
hyphenbullet	U+2043	rectangle, filled (hyphen bullet)
fracslash	U+2044	fraction slash
Question	U+2047	double question mark
closure	U+2050	close up
qprime	U+2057	quadruple prime, not superscripted
euro	U+20AC	euro sign
leftharpoonaccent	U+20D0	combining left harpoon above
overleftharpoon	U+20D0	combining left harpoon above
rightharpoonaccent	U+20D1	combining right harpoon above
overrightharpoon	U+20D1	combining right harpoon above
vertoverlay	U+20D2	combining long vertical line overlay
overleftarrow	U+20D6	combining left arrow above
overrightarrow	U+20D7	combining left arrow above
vec	U+20D7	combining right arrow above
dddot	U+20DB	combining three dots above
ddddot	U+20DC	combining four dots above
enclosecircle	U+20DD	combining enclosing circle
enclosesquare	U+20DE	combining enclosing square
enclosediamond	U+20DF	combining enclosing diamond
overleftrightarrow	U+20E1	combining left right arrow above
enclosetriangle	U+20E4	combining enclosing upward pointing triangle
annuity	U+20E7	combining annuity symbol
threeunderdot	U+20E8	combining triple underdot
widebridgeabove	U+20E9	combining wide bridge above
underrightharpoondown	U+20EC	combining rightwards harpoon with barb downwards
underleftharpoondown	U+20ED	combining leftwards harpoon with barb downwards
underleftarrow	U+20EE	combining left arrow below
underrightarrow	U+20EF	combining right arrow below
asteraccent	U+20F0	combining asterisk above
BbbC	U+2102	/bbb c, open face c
Eulerconst	U+2107	euler constant
mscrg	U+210A	/scr g, script letter g
mscrH	U+210B	hamiltonian (script capital h)
mfrakH	U+210C	/frak h, upper case h
BbbH	U+210D	/bbb h, open face h
Planckconst	U+210E	planck constant
hslash	U+210F	/hslash - variant planck's over 2pi
mscrI	U+2110	/scr i, script letter i
Im	U+2111	imaginary part
mscrL	U+2112	lagrangian (script capital l)
ell	U+2113	cursive small l
BbbN	U+2115	/bbb n, open face n
wp	U+2118	weierstrass p
BbbP	U+2119	/bbb p, open face p
BbbQ	U+211A	/bbb q, open face q
mscrR	U+211B	/scr r, script letter r
Re	U+211C	real part
BbbR	U+211D	/bbb r, open face r
BbbZ	U+2124	/bbb z, open face z
mho	U+2127	conductance
mfrakZ	U+2128	/frak z, upper case z
turnediota	U+2129	turned iota
Angstrom	U+212B	angstrom capital a, ring
mscrB	U+212C	bernoulli function (script capital b)
mfrakC	U+212D	black-letter capital c
mscre	U+212F	/scr e, script letter e
mscrE	U+2130	/scr e, script letter e
mscrF	U+2131	/scr f, script letter f
Finv	U+2132	turned capital f
mscrM	U+2133	physics m-matrix (script capital m)
mscro	U+2134	order of (script small o)
aleph	U+2135	aleph, hebrew
beth	U+2136	beth, hebrew
gimel	U+2137	gimel, hebrew
daleth	U+2138	daleth, hebrew
Bbbpi	U+213C	double-struck small pi
Bbbgamma	U+213D	double-struck small gamma
BbbGamma	U+213E	double-struck capital gamma
BbbPi	U+213F	double-struck capital pi
Bbbsum	U+2140	double-struck n-ary summation
Game	U+2141	turned sans-serif capital g
sansLturned	U+2142	turned sans-serif capital l
sansLmirrored	U+2143	reversed sans-serif capital l
Yup	U+2144	turned sans-serif capital y
mitBbbD	U+2145	double-struck italic capital d
mitBbbd	U+2146	double-struck italic small d
mitBbbe	U+2147	double-struck italic small e
mitBbbi	U+2148	double-struck italic small i
mitBbbj	U+2149	double-struck italic small j
PropertyLine	U+214A	property line
upand	U+214B	turned ampersand
leftarrow	U+2190	/leftarrow /gets a: leftward arrow
uparrow	U+2191	upward arrow
rightarrow	U+2192	/rightarrow /to a: rightward arrow
downarrow	U+2193	downward arrow
leftrightarrow	U+2194	left and right arrow
updownarrow	U+2195	up and down arrow
nwarrow	U+2196	nw pointing arrow
nearrow	U+2197	ne pointing arrow
searrow	U+2198	se pointing arrow
swarrow	U+2199	sw pointing arrow
nleftarrow	U+219A	not left arrow
nrightarrow	U+219B	not right arrow
leftwavearrow	U+219C	left arrow-wavy
rightwavearrow	U+219D	right arrow-wavy
twoheadleftarrow	U+219E	left two-headed arrow
twoheaduparrow	U+219F	up two-headed arrow
twoheadrightarrow	U+21A0	right two-headed arrow
twoheaddownarrow	U+21A1	down two-headed arrow
leftarrowtail	U+21A2	left arrow-tailed
rightarrowtail	U+21A3	right arrow-tailed
mapsfrom	U+21A4	maps to, leftward
mapsup	U+21A5	maps to, upward
mapsto	U+21A6	maps to, rightward
mapsdown	U+21A7	maps to, downward
updownarrowbar	U+21A8	up down arrow with base (perpendicular)
hookleftarrow	U+21A9	left arrow-hooked
hookrightarrow	U+21AA	right arrow-hooked
looparrowleft	U+21AB	left arrow-looped
looparrowright	U+21AC	right arrow-looped
leftrightsquigarrow	U+21AD	left and right arr-wavy
nleftrightarrow	U+21AE	not left and right arrow
downzigzagarrow	U+21AF	downwards zigzag arrow
Lsh	U+21B0	/lsh a:
Rsh	U+21B1	/rsh a:
Ldsh	U+21B2	left down angled arrow
Rdsh	U+21B3	right down angled arrow
linefeed	U+21B4	rightwards arrow with corner downwards
carriagereturn	U+21B5	downwards arrow with corner leftward = carriage return
curvearrowleft	U+21B6	left curved arrow
curvearrowright	U+21B7	right curved arrow
barovernorthwestarrow	U+21B8	north west arrow to long bar
barleftarrowrightarrowbar	U+21B9	leftwards arrow to bar over rightwards arrow to bar
acwopencirclearrow	U+21BA	anticlockwise open circle arrow
cwopencirclearrow	U+21BB	clockwise open circle arrow
leftharpoonup	U+21BC	left harpoon-up
leftharpoondown	U+21BD	left harpoon-down
upharpoonright	U+21BE	/upharpoonright /restriction a: up harpoon-right
upharpoonleft	U+21BF	up harpoon-left
rightharpoonup	U+21C0	right harpoon-up
rightharpoondown	U+21C1	right harpoon-down
downharpoonright	U+21C2	down harpoon-right
downharpoonleft	U+21C3	down harpoon-left
rightleftarrows	U+21C4	right arrow over left arrow
updownarrows	U+21C5	up arrow, down arrow
leftrightarrows	U+21C6	left arrow over right arrow
leftleftarrows	U+21C7	two left arrows
upuparrows	U+21C8	two up arrows
rightrightarrows	U+21C9	two right arrows
downdownarrows	U+21CA	two down arrows
leftrightharpoons	U+21CB	left harpoon over right
rightleftharpoons	U+21CC	right harpoon over left
nLeftarrow	U+21CD	not implied by
nLeftrightarrow	U+21CE	not left and right double arrows
nRightarrow	U+21CF	not implies
Leftarrow	U+21D0	is implied by
Uparrow	U+21D1	up double arrow
Rightarrow	U+21D2	implies
Downarrow	U+21D3	down double arrow
Leftrightarrow	U+21D4	left and right double arrow
Updownarrow	U+21D5	up and down double arrow
Nwarrow	U+21D6	nw pointing double arrow
Nearrow	U+21D7	ne pointing double arrow
Searrow	U+21D8	se pointing double arrow
Swarrow	U+21D9	sw pointing double arrow
Lleftarrow	U+21DA	left triple arrow
Rrightarrow	U+21DB	right triple arrow
leftsquigarrow	U+21DC	leftwards squiggle arrow
rightsquigarrow	U+21DD	rightwards squiggle arrow
nHuparrow	U+21DE	upwards arrow with double stroke
nHdownarrow	U+21DF	downwards arrow with double stroke
leftdasharrow	U+21E0	leftwards dashed arrow
updasharrow	U+21E1	upwards dashed arrow
rightdasharrow	U+21E2	rightwards dashed arrow
downdasharrow	U+21E3	downwards dashed arrow
barleftarrow	U+21E4	leftwards arrow to bar
rightarrowbar	U+21E5	rightwards arrow to bar
leftwhitearrow	U+21E6	leftwards white arrow
upwhitearrow	U+21E7	upwards white arrow
rightwhitearrow	U+21E8	rightwards white arrow
downwhitearrow	U+21E9	downwards white arrow
whitearrowupfrombar	U+21EA	upwards white arrow from bar
circleonrightarrow	U+21F4	right arrow with small circle
downuparrows	U+21F5	downwards arrow leftwards of upwards arrow
rightthreearrows	U+21F6	three rightwards arrows
nvleftarrow	U+21F7	leftwards arrow with vertical stroke
nvrightarrow	U+21F8	rightwards arrow with vertical stroke
nvleftrightarrow	U+21F9	left right arrow with vertical stroke
nVleftarrow	U+21FA	leftwards arrow with double vertical stroke
nVrightarrow	U+21FB	rightwards arrow with double vertical stroke
nVleftrightarrow	U+21FC	left right arrow with double vertical stroke
leftarrowtriangle	U+21FD	leftwards open-headed arrow
rightarrowtriangle	U+21FE	rightwards open-headed arrow
leftrightarrowtriangle	U+21FF	left right open-headed arrow
forall	U+2200	for all
complement	U+2201	complement sign
partial	U+2202	partial differential
exists	U+2203	at least one exists
nexists	U+2204	negated exists
varnothing	U+2205	circle, slash
increment	U+2206	laplacian (delta; nabla\string^2)
nabla	U+2207	nabla, del, hamilton operator
in	U+2208	set membership, variant
notin	U+2209	negated set membership
smallin	U+220A	set membership (small set membership)
ni	U+220B	contains, variant
nni	U+220C	negated contains, variant
smallni	U+220D	/ni /owns r: contains (small contains as member)
QED	U+220E	end of proof
prod	U+220F	product operator
coprod	U+2210	coproduct operator
sum	U+2211	summation operator
minus	U+2212	minus sign
mp	U+2213	minus-or-plus sign
dotplus	U+2214	plus sign, dot above
divslash	U+2215	division slash
setminus	U+2216	set minus (cf. reverse solidus)
ast	U+2217	centered asterisk
vysmwhtcircle	U+2218	composite function (small circle)
vysmblkcircle	U+2219	bullet operator
sqrt	U+221A	radical
surd	U+221A	radical
cuberoot	U+221B	cube root
fourthroot	U+221C	fourth root
propto	U+221D	is proportional to
infty	U+221E	infinity
rightangle	U+221F	right (90 degree) angle
angle	U+2220	angle
measuredangle	U+2221	angle-measured
sphericalangle	U+2222	angle-spherical
mid	U+2223	/mid r:
nmid	U+2224	negated mid
parallel	U+2225	parallel
nparallel	U+2226	not parallel
wedge	U+2227	/wedge /land b: logical and
vee	U+2228	/vee /lor b: logical or
cap	U+2229	intersection
cup	U+222A	union or logical sum
int	U+222B	integral operator
iint	U+222C	double integral operator
iiint	U+222D	triple integral operator
oint	U+222E	contour integral operator
oiint	U+222F	double contour integral operator
oiiint	U+2230	triple contour integral operator
intclockwise	U+2231	clockwise integral
varointclockwise	U+2232	contour integral, clockwise
ointctrclockwise	U+2233	contour integral, anticlockwise
therefore	U+2234	therefore
because	U+2235	because
mathratio	U+2236	ratio
Colon	U+2237	two colons
dotminus	U+2238	minus sign, dot above
dashcolon	U+2239	excess (-:)
dotsminusdots	U+223A	minus with four dots, geometric properties
kernelcontraction	U+223B	homothetic
sim	U+223C	similar
backsim	U+223D	reverse similar
invlazys	U+223E	most positive [inverted lazy s]
sinewave	U+223F	sine wave
wr	U+2240	wreath product
nsim	U+2241	not similar
eqsim	U+2242	equals, similar
simeq	U+2243	similar, equals
nsime	U+2244	not similar, equals
sime	U+2243	similar, equals (alias)
nsimeq	U+2244	not similar, equals (alias)
cong	U+2245	congruent with
simneqq	U+2246	similar, not equals [vert only for 9573 entity]
ncong	U+2247	not congruent with
approx	U+2248	approximate
napprox	U+2249	not approximate
approxeq	U+224A	approximate, equals
approxident	U+224B	approximately identical to
backcong	U+224C	all equal to
asymp	U+224D	asymptotically equal to
Bumpeq	U+224E	bumpy equals
bumpeq	U+224F	bumpy equals, equals
doteq	U+2250	equals, single dot above
Doteq	U+2251	/doteqdot /doteq r: equals, even dots
fallingdotseq	U+2252	equals, falling dots
risingdotseq	U+2253	equals, rising dots
coloneq	U+2254	colon, equals
eqcolon	U+2255	equals, colon
eqcirc	U+2256	circle on equals sign
circeq	U+2257	circle, equals
arceq	U+2258	arc, equals; corresponds to
wedgeq	U+2259	corresponds to (wedge, equals)
veeeq	U+225A	logical or, equals
stareq	U+225B	star equals
triangleq	U+225C	triangle, equals
eqdef	U+225D	equals by definition
measeq	U+225E	measured by (m over equals)
questeq	U+225F	equal with questionmark
ne	U+2260	/ne /neq r: not equal
equiv	U+2261	identical with
nequiv	U+2262	not identical with
Equiv	U+2263	strict equivalence (4 lines)
leq	U+2264	/leq /le r: less-than-or-equal
geq	U+2265	/geq /ge r: greater-than-or-equal
leqq	U+2266	less, double equals
geqq	U+2267	greater, double equals
lneqq	U+2268	less, not double equals
gneqq	U+2269	greater, not double equals
ll	U+226A	much less than, type 2
gg	U+226B	much greater than, type 2
between	U+226C	between
nasymp	U+226D	not asymptotically equal to
nless	U+226E	not less-than
ngtr	U+226F	not greater-than
nleq	U+2270	not less-than-or-equal
ngeq	U+2271	not greater-than-or-equal
lesssim	U+2272	less, similar
gtrsim	U+2273	greater, similar
nlesssim	U+2274	not less, similar
ngtrsim	U+2275	not greater, similar
lessgtr	U+2276	less, greater
gtrless	U+2277	greater, less
nlessgtr	U+2278	not less, greater
ngtrless	U+2279	not greater, less
prec	U+227A	precedes
succ	U+227B	succeeds
preccurlyeq	U+227C	precedes, curly equals
succcurlyeq	U+227D	succeeds, curly equals
precsim	U+227E	precedes, similar
succsim	U+227F	succeeds, similar
nprec	U+2280	not precedes
nsucc	U+2281	not succeeds
subset	U+2282	subset or is implied by
supset	U+2283	superset or implies
nsubset	U+2284	not subset, variant [slash negation]
nsupset	U+2285	not superset, variant [slash negation]
subseteq	U+2286	subset, equals
supseteq	U+2287	superset, equals
nsubseteq	U+2288	not subset, equals
nsupseteq	U+2289	not superset, equals
subsetneq	U+228A	subset, not equals
supsetneq	U+228B	superset, not equals
cupleftarrow	U+228C	multiset
cupdot	U+228D	union, with dot
uplus	U+228E	plus sign in union
sqsubset	U+228F	square subset
sqsupset	U+2290	square superset
sqsubseteq	U+2291	square subset, equals
sqsupseteq	U+2292	square superset, equals
sqcap	U+2293	square intersection
sqcup	U+2294	square union
oplus	U+2295	plus sign in circle
ominus	U+2296	minus sign in circle
otimes	U+2297	multiply sign in circle
oslash	U+2298	solidus in circle
odot	U+2299	middle dot in circle
circledcirc	U+229A	small circle in circle
circledast	U+229B	asterisk in circle
circledequal	U+229C	equal in circle
circleddash	U+229D	hyphen in circle
boxplus	U+229E	plus sign in box
boxminus	U+229F	minus sign in box
boxtimes	U+22A0	multiply sign in box
boxdot	U+22A1	/dotsquare /boxdot b: small dot in box
vdash	U+22A2	vertical, dash
dashv	U+22A3	dash, vertical
top	U+22A4	top
bot	U+22A5	bottom
assert	U+22A6	assertion (vertical, short dash)
models	U+22A7	models (vertical, short double dash)
vDash	U+22A8	vertical, double dash
Vdash	U+22A9	double vertical, dash
Vvdash	U+22AA	triple vertical, dash
VDash	U+22AB	double vert, double dash
nvdash	U+22AC	not vertical, dash
nvDash	U+22AD	not vertical, double dash
nVdash	U+22AE	not double vertical, dash
nVDash	U+22AF	not double vert, double dash
prurel	U+22B0	element precedes under relation
scurel	U+22B1	succeeds under relation
vartriangleleft	U+22B2	left triangle, open, variant
vartriangleright	U+22B3	right triangle, open, variant
trianglelefteq	U+22B4	left triangle, equals
trianglerighteq	U+22B5	right triangle, equals
origof	U+22B6	original of
imageof	U+22B7	image of
multimap	U+22B8	/multimap a:
hermitmatrix	U+22B9	hermitian conjugate matrix
intercal	U+22BA	intercal
veebar	U+22BB	logical or, bar below (large vee); exclusive disjunction
barwedge	U+22BC	bar, wedge (large wedge)
barvee	U+22BD	bar, vee (large vee)
measuredrightangle	U+22BE	right angle-measured [with arc]
varlrtriangle	U+22BF	right triangle
bigwedge	U+22C0	logical and operator
bigvee	U+22C1	logical or operator
bigcap	U+22C2	intersection operator
bigcup	U+22C3	union operator
smwhtdiamond	U+22C4	white diamond
cdot	U+22C5	small middle dot
star	U+22C6	small star, filled, low
divideontimes	U+22C7	division on times
bowtie	U+22C8	bowtie
ltimes	U+22C9	times sign, left closed
rtimes	U+22CA	times sign, right closed
leftthreetimes	U+22CB	left semidirect product
rightthreetimes	U+22CC	right semidirect product
backsimeq	U+22CD	reverse similar, equals
curlyvee	U+22CE	curly logical or
curlywedge	U+22CF	curly logical and
Subset	U+22D0	double subset
Supset	U+22D1	double superset
Cap	U+22D2	/cap /doublecap b: double intersection
Cup	U+22D3	/cup /doublecup b: double union
pitchfork	U+22D4	pitchfork
equalparallel	U+22D5	parallel, equal; equal or parallel
lessdot	U+22D6	less than, with dot
gtrdot	U+22D7	greater than, with dot
lll	U+22D8	/ll /lll /llless r: triple less-than
ggg	U+22D9	/ggg /gg /gggtr r: triple greater-than
lesseqgtr	U+22DA	less, equals, greater
gtreqless	U+22DB	greater, equals, less
eqless	U+22DC	equal-or-less
eqgtr	U+22DD	equal-or-greater
curlyeqprec	U+22DE	curly equals, precedes
curlyeqsucc	U+22DF	curly equals, succeeds
npreccurlyeq	U+22E0	not precedes, curly equals
nsucccurlyeq	U+22E1	not succeeds, curly equals
nsqsubseteq	U+22E2	not, square subset, equals
nsqsupseteq	U+22E3	not, square superset, equals
sqsubsetneq	U+22E4	square subset, not equals
sqsupsetneq	U+22E5	square superset, not equals
lnsim	U+22E6	less, not similar
gnsim	U+22E7	greater, not similar
precnsim	U+22E8	precedes, not similar
succnsim	U+22E9	succeeds, not similar
nvartriangleleft	U+22EA	not left triangle
nvartriangleright	U+22EB	not right triangle
ntrianglelefteq	U+22EC	not left triangle, equals
ntrianglerighteq	U+22ED	not right triangle, equals
vdots	U+22EE	vertical ellipsis
unicodecdots	U+22EF	three dots, centered
adots	U+22F0	three dots, ascending
ddots	U+22F1	three dots, descending
disin	U+22F2	element of with long horizontal stroke
varisins	U+22F3	element of with vertical bar at end of horizontal stroke
isins	U+22F4	small element of with vertical bar at end of horizontal stroke
isindot	U+22F5	element of with dot above
varisinobar	U+22F6	element of with overbar
isinobar	U+22F7	small element of with overbar
isinvb	U+22F8	element of with underbar
isinE	U+22F9	element of with two horizontal strokes
nisd	U+22FA	contains with long horizontal stroke
varnis	U+22FB	contains with vertical bar at end of horizontal stroke
nis	U+22FC	small contains with vertical bar at end of horizontal stroke
varniobar	U+22FD	contains with overbar
niobar	U+22FE	small contains with overbar
bagmember	U+22FF	z notation bag membership
diameter	U+2300	diameter sign
house	U+2302	house
varbarwedge	U+2305	/barwedge b: logical and, bar above [projective (bar over small wedge)]
vardoublebarwedge	U+2306	/doublebarwedge b: logical and, double bar above [perspective (double bar over small wedge)]
lceil	U+2308	left ceiling
rceil	U+2309	right ceiling
lfloor	U+230A	left floor
rfloor	U+230B	right floor
invnot	U+2310	reverse not
sqlozenge	U+2311	square lozenge
profline	U+2312	profile of a line
profsurf	U+2313	profile of a surface
viewdata	U+2317	viewdata square
turnednot	U+2319	turned not sign
ulcorner	U+231C	upper left corner
urcorner	U+231D	upper right corner
llcorner	U+231E	lower left corner
lrcorner	U+231F	lower right corner
inttop	U+2320	top half integral
intbottom	U+2321	bottom half integral
frown	U+2322	down curve
smile	U+2323	up curve
varhexagonlrbonds	U+232C	six carbon ring, corner down, double bonds lower right etc
conictaper	U+2332	conical taper
topbot	U+2336	top and bottom
obar	U+233D	circle with vertical bar
APLnotslash	U+233F	solidus, bar through (apl functional symbol slash bar)
APLnotbackslash	U+2340	apl functional symbol backslash bar
APLboxupcaret	U+2353	boxed up caret
APLboxquestion	U+2370	boxed question mark
rangledownzigzagarrow	U+237C	right angle with downwards zigzag arrow
hexagon	U+2394	horizontal benzene ring [hexagon flat open]
lparenuend	U+239B	left parenthesis upper hook
lparenextender	U+239C	left parenthesis extension
lparenlend	U+239D	left parenthesis lower hook
rparenuend	U+239E	right parenthesis upper hook
rparenextender	U+239F	right parenthesis extension
rparenlend	U+23A0	right parenthesis lower hook
lbrackuend	U+23A1	left square bracket upper corner
lbrackextender	U+23A2	left square bracket extension
lbracklend	U+23A3	left square bracket lower corner
rbrackuend	U+23A4	right square bracket upper corner
rbrackextender	U+23A5	right square bracket extension
rbracklend	U+23A6	right square bracket lower corner
lbraceuend	U+23A7	left curly bracket upper hook
lbracemid	U+23A8	left curly bracket middle piece
lbracelend	U+23A9	left curly bracket lower hook
vbraceextender	U+23AA	curly bracket extension
rbraceuend	U+23AB	right curly bracket upper hook
rbracemid	U+23AC	right curly bracket middle piece
rbracelend	U+23AD	right curly bracket lower hook
intextender	U+23AE	integral extension
harrowextender	U+23AF	horizontal line extension (used to extend arrows)
lmoustache	U+23B0	upper left or lower right curly bracket section
rmoustache	U+23B1	upper right or lower left curly bracket section
sumtop	U+23B2	summation top
sumbottom	U+23B3	summation bottom
overbracket	U+23B4	top square bracket
underbracket	U+23B5	bottom square bracket
bbrktbrk	U+23B6	bottom square bracket over top square bracket
sqrtbottom	U+23B7	radical symbol bottom
lvboxline	U+23B8	left vertical box line
rvboxline	U+23B9	right vertical box line
varcarriagereturn	U+23CE	return symbol
overparen	U+23DC	top parenthesis (mathematical use)
underparen	U+23DD	bottom parenthesis (mathematical use)
overbrace	U+23DE	top curly bracket (mathematical use)
underbrace	U+23DF	bottom curly bracket (mathematical use)
obrbrak	U+23E0	top tortoise shell bracket (mathematical use)
ubrbrak	U+23E1	bottom tortoise shell bracket (mathematical use)
trapezium	U+23E2	white trapezium
benzenr	U+23E3	benzene ring with circle
strns	U+23E4	straightness
fltns	U+23E5	flatness
accurrent	U+23E6	ac current
elinters	U+23E7	electrical intersection
blanksymbol	U+2422	blank symbol
mathvisiblespace	U+2423	open box
bdtriplevdash	U+2506	doubly broken vert
blockuphalf	U+2580	upper half block
blocklowhalf	U+2584	lower half block
blockfull	U+2588	full block
blocklefthalf	U+258C	left half block
blockrighthalf	U+2590	right half block
blockqtrshaded	U+2591	25\% shaded block
blockhalfshaded	U+2592	50\% shaded block
blockthreeqtrshaded	U+2593	75\% shaded block
mdlgblksquare	U+25A0	square, filled
mdlgwhtsquare	U+25A1	square, open
squoval	U+25A2	white square with rounded corners
blackinwhitesquare	U+25A3	white square containing black small square
squarehfill	U+25A4	square, horizontal rule filled
squarevfill	U+25A5	square, vertical rule filled
squarehvfill	U+25A6	square with orthogonal crosshatch fill
squarenwsefill	U+25A7	square, nw-to-se rule filled
squareneswfill	U+25A8	square, ne-to-sw rule filled
squarecrossfill	U+25A9	square with diagonal crosshatch fill
smblksquare	U+25AA	/blacksquare - sq bullet, filled
smwhtsquare	U+25AB	white small square
hrectangleblack	U+25AC	black rectangle
hrectangle	U+25AD	horizontal rectangle, open
vrectangleblack	U+25AE	black vertical rectangle
vrectangle	U+25AF	rectangle, white (vertical)
parallelogramblack	U+25B0	black parallelogram
parallelogram	U+25B1	parallelogram, open
bigblacktriangleup	U+25B2	black up-pointing triangle
bigtriangleup	U+25B3	big up triangle, open
blacktriangle	U+25B4	up triangle, filled
vartriangle	U+25B5	/triangle - up triangle, open
blacktriangleright	U+25B6	(large) right triangle, filled
triangleright	U+25B7	(large) right triangle, open; z notation range restriction
smallblacktriangleright	U+25B8	right triangle, filled
smalltriangleright	U+25B9	right triangle, open
blackpointerright	U+25BA	black right-pointing pointer
whitepointerright	U+25BB	white right-pointing pointer
bigblacktriangledown	U+25BC	big down triangle, filled
bigtriangledown	U+25BD	big down triangle, open
blacktriangledown	U+25BE	down triangle, filled
triangledown	U+25BF	down triangle, open
blacktriangleleft	U+25C0	(large) left triangle, filled
triangleleft	U+25C1	(large) left triangle, open; z notation domain restriction
smallblacktriangleleft	U+25C2	left triangle, filled
smalltriangleleft	U+25C3	left triangle, open
blackpointerleft	U+25C4	black left-pointing pointer
whitepointerleft	U+25C5	white left-pointing pointer
mdlgblkdiamond	U+25C6	black diamond
mdlgwhtdiamond	U+25C7	white diamond; diamond, open
blackinwhitediamond	U+25C8	white diamond containing black small diamond
fisheye	U+25C9	fisheye
mdlgwhtlozenge	U+25CA	lozenge or total mark
mdlgwhtcircle	U+25CB	medium large circle
dottedcircle	U+25CC	dotted circle
circlevertfill	U+25CD	circle with vertical fill
bullseye	U+25CE	bullseye
mdlgblkcircle	U+25CF	circle, filled
circlelefthalfblack	U+25D0	circle, filled left half [harvey ball]
circlerighthalfblack	U+25D1	circle, filled right half
circlebottomhalfblack	U+25D2	circle, filled bottom half
circletophalfblack	U+25D3	circle, filled top half
circleurquadblack	U+25D4	circle with upper right quadrant black
blackcircleulquadwhite	U+25D5	circle with all but upper left quadrant black
blacklefthalfcircle	U+25D6	left half black circle
blackrighthalfcircle	U+25D7	right half black circle
inversebullet	U+25D8	inverse bullet
inversewhitecircle	U+25D9	inverse white circle
invwhiteupperhalfcircle	U+25DA	upper half inverse white circle
invwhitelowerhalfcircle	U+25DB	lower half inverse white circle
ularc	U+25DC	upper left quadrant circular arc
urarc	U+25DD	upper right quadrant circular arc
lrarc	U+25DE	lower right quadrant circular arc
llarc	U+25DF	lower left quadrant circular arc
topsemicircle	U+25E0	upper half circle
botsemicircle	U+25E1	lower half circle
lrblacktriangle	U+25E2	lower right triangle, filled
llblacktriangle	U+25E3	lower left triangle, filled
ulblacktriangle	U+25E4	upper left triangle, filled
urblacktriangle	U+25E5	upper right triangle, filled
smwhtcircle	U+25E6	white bullet
squareleftblack	U+25E7	square, filled left half
squarerightblack	U+25E8	square, filled right half
squareulblack	U+25E9	square, filled top left corner
squarelrblack	U+25EA	square, filled bottom right corner
boxbar	U+25EB	vertical bar in box
trianglecdot	U+25EC	triangle with centered dot
triangleleftblack	U+25ED	up-pointing triangle with left half black
trianglerightblack	U+25EE	up-pointing triangle with right half black
lgwhtcircle	U+25EF	large circle
squareulquad	U+25F0	white square with upper left quadrant
squarellquad	U+25F1	white square with lower left quadrant
squarelrquad	U+25F2	white square with lower right quadrant
squareurquad	U+25F3	white square with upper right quadrant
circleulquad	U+25F4	white circle with upper left quadrant
circlellquad	U+25F5	white circle with lower left quadrant
circlelrquad	U+25F6	white circle with lower right quadrant
circleurquad	U+25F7	white circle with upper right quadrant
ultriangle	U+25F8	upper left triangle
urtriangle	U+25F9	upper right triangle
lltriangle	U+25FA	lower left triangle
mdwhtsquare	U+25FB	white medium square
mdblksquare	U+25FC	black medium square
mdsmwhtsquare	U+25FD	white medium small square
mdsmblksquare	U+25FE	black medium small square
lrtriangle	U+25FF	lower right triangle
bigstar	U+2605	star, filled
bigwhitestar	U+2606	star, open
astrosun	U+2609	sun
danger	U+2621	dangerous bend (caution sign)
blacksmiley	U+263B	black smiling face
sun	U+263C	white sun with rays
rightmoon	U+263D	first quarter moon
leftmoon	U+263E	last quarter moon
female	U+2640	venus, female
male	U+2642	mars, male
spadesuit	U+2660	spades suit symbol
heartsuit	U+2661	heart suit symbol
diamondsuit	U+2662	diamond suit symbol
clubsuit	U+2663	club suit symbol
varspadesuit	U+2664	spade, white (card suit)
varheartsuit	U+2665	filled heart (card suit)
vardiamondsuit	U+2666	filled diamond (card suit)
varclubsuit	U+2667	club, white (card suit)
quarternote	U+2669	music note (sung text sign)
eighthnote	U+266A	eighth note
twonotes	U+266B	beamed eighth notes
flat	U+266D	musical flat
natural	U+266E	music natural
sharp	U+266F	musical sharp
acidfree	U+267E	permanent paper sign
dicei	U+2680	die face-1
diceii	U+2681	die face-2
diceiii	U+2682	die face-3
diceiv	U+2683	die face-4
dicev	U+2684	die face-5
dicevi	U+2685	die face-6
circledrightdot	U+2686	white circle with dot right
circledtwodots	U+2687	white circle with two dots
blackcircledrightdot	U+2688	black circle with white dot right
blackcircledtwodots	U+2689	black circle with two white dots
Hermaphrodite	U+26A5	male and female sign
mdwhtcircle	U+26AA	medium white circle
mdblkcircle	U+26AB	medium black circle
mdsmwhtcircle	U+26AC	medium small white circle
neuter	U+26B2	neuter
checkmark	U+2713	tick, check mark
maltese	U+2720	maltese cross
circledstar	U+272A	circled white star
varstar	U+2736	six pointed black star
dingasterisk	U+273D	heavy teardrop-spoked asterisk
lbrbrak	U+2772	light left tortoise shell bracket ornament
rbrbrak	U+2773	light right tortoise shell bracket ornament
draftingarrow	U+279B	right arrow with bold head (drafting)
threedangle	U+27C0	three dimensional angle
whiteinwhitetriangle	U+27C1	white triangle containing small white triangle
perp	U+27C2	perpendicular
subsetcirc	U+27C3	open subset
supsetcirc	U+27C4	open superset
lbag	U+27C5	left s-shaped bag delimiter
rbag	U+27C6	right s-shaped bag delimiter
veedot	U+27C7	or with dot inside
bsolhsub	U+27C8	reverse solidus preceding subset
suphsol	U+27C9	superset preceding solidus
diagup	U+27CB	mathematical rising diagonal
longdivision	U+27CC	long division
diagdown	U+27CD	mathematical falling diagonal
diamondcdot	U+27D0	white diamond with centred dot
wedgedot	U+27D1	and with dot
upin	U+27D2	element of opening upwards
pullback	U+27D3	lower right corner with dot
pushout	U+27D4	upper left corner with dot
leftouterjoin	U+27D5	left outer join
rightouterjoin	U+27D6	right outer join
fullouterjoin	U+27D7	full outer join
bigbot	U+27D8	large up tack
bigtop	U+27D9	large down tack
DashVDash	U+27DA	left and right double turnstile
dashVdash	U+27DB	left and right tack
multimapinv	U+27DC	left multimap
vlongdash	U+27DD	long left tack
longdashv	U+27DE	long right tack
cirbot	U+27DF	up tack with circle above
lozengeminus	U+27E0	lozenge divided by horizontal rule
concavediamond	U+27E1	white concave-sided diamond
concavediamondtickleft	U+27E2	white concave-sided diamond with leftwards tick
concavediamondtickright	U+27E3	white concave-sided diamond with rightwards tick
whitesquaretickleft	U+27E4	white square with leftwards tick
whitesquaretickright	U+27E5	white square with rightwards tick
lBrack	U+27E6	mathematical left white square bracket
rBrack	U+27E7	mathematical right white square bracket
langle	U+27E8	mathematical left angle bracket
rangle	U+27E9	mathematical right angle bracket
lAngle	U+27EA	mathematical left double angle bracket
rAngle	U+27EB	mathematical right double angle bracket
Lbrbrak	U+27EC	mathematical left white tortoise shell bracket
Rbrbrak	U+27ED	mathematical right white tortoise shell bracket
lgroup	U+27EE	mathematical left flattened parenthesis
rgroup	U+27EF	mathematical right flattened parenthesis
UUparrow	U+27F0	upwards quadruple arrow
DDownarrow	U+27F1	downwards quadruple arrow
acwgapcirclearrow	U+27F2	anticlockwise gapped circle arrow
cwgapcirclearrow	U+27F3	clockwise gapped circle arrow
rightarrowonoplus	U+27F4	right arrow with circled plus
longleftarrow	U+27F5	long leftwards arrow
longrightarrow	U+27F6	long rightwards arrow
longleftrightarrow	U+27F7	long left right arrow
Longleftarrow	U+27F8	long leftwards double arrow
Longrightarrow	U+27F9	long rightwards double arrow
Longleftrightarrow	U+27FA	long left right double arrow
longmapsfrom	U+27FB	long leftwards arrow from bar
longmapsto	U+27FC	long rightwards arrow from bar
Longmapsfrom	U+27FD	long leftwards double arrow from bar
Longmapsto	U+27FE	long rightwards double arrow from bar
longrightsquigarrow	U+27FF	long rightwards squiggle arrow
nvtwoheadrightarrow	U+2900	rightwards two-headed arrow with vertical stroke
nVtwoheadrightarrow	U+2901	rightwards two-headed arrow with double vertical stroke
nvLeftarrow	U+2902	leftwards double arrow with vertical stroke
nvRightarrow	U+2903	rightwards double arrow with vertical stroke
nvLeftrightarrow	U+2904	left right double arrow with vertical stroke
twoheadmapsto	U+2905	rightwards two-headed arrow from bar
Mapsfrom	U+2906	leftwards double arrow from bar
Mapsto	U+2907	rightwards double arrow from bar
downarrowbarred	U+2908	downwards arrow with horizontal stroke
uparrowbarred	U+2909	upwards arrow with horizontal stroke
Uuparrow	U+290A	upwards triple arrow
Ddownarrow	U+290B	downwards triple arrow
leftbkarrow	U+290C	leftwards double dash arrow
rightbkarrow	U+290D	rightwards double dash arrow
leftdbkarrow	U+290E	leftwards triple dash arrow
dbkarrow	U+290F	rightwards triple dash arrow
drbkarrow	U+2910	rightwards two-headed triple dash arrow
rightdotarrow	U+2911	rightwards arrow with dotted stem
baruparrow	U+2912	upwards arrow to bar
downarrowbar	U+2913	downwards arrow to bar
nvrightarrowtail	U+2914	rightwards arrow with tail with vertical stroke
nVrightarrowtail	U+2915	rightwards arrow with tail with double vertical stroke
twoheadrightarrowtail	U+2916	rightwards two-headed arrow with tail
nvtwoheadrightarrowtail	U+2917	rightwards two-headed arrow with tail with vertical stroke
nVtwoheadrightarrowtail	U+2918	rightwards two-headed arrow with tail with double vertical stroke
lefttail	U+2919	leftwards arrow-tail
righttail	U+291A	rightwards arrow-tail
leftdbltail	U+291B	leftwards double arrow-tail
rightdbltail	U+291C	rightwards double arrow-tail
diamondleftarrow	U+291D	leftwards arrow to black diamond
rightarrowdiamond	U+291E	rightwards arrow to black diamond
diamondleftarrowbar	U+291F	leftwards arrow from bar to black diamond
barrightarrowdiamond	U+2920	rightwards arrow from bar to black diamond
nwsearrow	U+2921	north west and south east arrow
neswarrow	U+2922	north east and south west arrow
hknwarrow	U+2923	north west arrow with hook
hknearrow	U+2924	north east arrow with hook
hksearrow	U+2925	south east arrow with hook
hkswarrow	U+2926	south west arrow with hook
tona	U+2927	north west arrow and north east arrow
toea	U+2928	north east arrow and south east arrow
tosa	U+2929	south east arrow and south west arrow
towa	U+292A	south west arrow and north west arrow
rdiagovfdiag	U+292B	rising diagonal crossing falling diagonal
fdiagovrdiag	U+292C	falling diagonal crossing rising diagonal
seovnearrow	U+292D	south east arrow crossing north east arrow
neovsearrow	U+292E	north east arrow crossing south east arrow
fdiagovnearrow	U+292F	falling diagonal crossing north east arrow
rdiagovsearrow	U+2930	rising diagonal crossing south east arrow
neovnwarrow	U+2931	north east arrow crossing north west arrow
nwovnearrow	U+2932	north west arrow crossing north east arrow
rightcurvedarrow	U+2933	wave arrow pointing directly right
uprightcurvearrow	U+2934	arrow pointing rightwards then curving upwards
downrightcurvedarrow	U+2935	arrow pointing rightwards then curving downwards
leftdowncurvedarrow	U+2936	arrow pointing downwards then curving leftwards
rightdowncurvedarrow	U+2937	arrow pointing downwards then curving rightwards
cwrightarcarrow	U+2938	right-side arc clockwise arrow
acwleftarcarrow	U+2939	left-side arc anticlockwise arrow
acwoverarcarrow	U+293A	top arc anticlockwise arrow
acwunderarcarrow	U+293B	bottom arc anticlockwise arrow
curvearrowrightminus	U+293C	top arc clockwise arrow with minus
curvearrowleftplus	U+293D	top arc anticlockwise arrow with plus
cwundercurvearrow	U+293E	lower right semicircular clockwise arrow
ccwundercurvearrow	U+293F	lower left semicircular anticlockwise arrow
acwcirclearrow	U+2940	anticlockwise closed circle arrow
cwcirclearrow	U+2941	clockwise closed circle arrow
rightarrowshortleftarrow	U+2942	rightwards arrow above short leftwards arrow
leftarrowshortrightarrow	U+2943	leftwards arrow above short rightwards arrow
shortrightarrowleftarrow	U+2944	short rightwards arrow above leftwards arrow
rightarrowplus	U+2945	rightwards arrow with plus below
leftarrowplus	U+2946	leftwards arrow with plus below
rightarrowx	U+2947	rightwards arrow through x
leftrightarrowcircle	U+2948	left right arrow through small circle
twoheaduparrowcircle	U+2949	upwards two-headed arrow from small circle
leftrightharpoonupdown	U+294A	left barb up right barb down harpoon
leftrightharpoondownup	U+294B	left barb down right barb up harpoon
updownharpoonrightleft	U+294C	up barb right down barb left harpoon
updownharpoonleftright	U+294D	up barb left down barb right harpoon
leftrightharpoonupup	U+294E	left barb up right barb up harpoon
updownharpoonrightright	U+294F	up barb right down barb right harpoon
leftrightharpoondowndown	U+2950	left barb down right barb down harpoon
updownharpoonleftleft	U+2951	up barb left down barb left harpoon
barleftharpoonup	U+2952	leftwards harpoon with barb up to bar
rightharpoonupbar	U+2953	rightwards harpoon with barb up to bar
barupharpoonright	U+2954	upwards harpoon with barb right to bar
downharpoonrightbar	U+2955	downwards harpoon with barb right to bar
barleftharpoondown	U+2956	leftwards harpoon with barb down to bar
rightharpoondownbar	U+2957	rightwards harpoon with barb down to bar
barupharpoonleft	U+2958	upwards harpoon with barb left to bar
downharpoonleftbar	U+2959	downwards harpoon with barb left to bar
leftharpoonupbar	U+295A	leftwards harpoon with barb up from bar
barrightharpoonup	U+295B	rightwards harpoon with barb up from bar
upharpoonrightbar	U+295C	upwards harpoon with barb right from bar
bardownharpoonright	U+295D	downwards harpoon with barb right from bar
leftharpoondownbar	U+295E	leftwards harpoon with barb down from bar
barrightharpoondown	U+295F	rightwards harpoon with barb down from bar
upharpoonleftbar	U+2960	upwards harpoon with barb left from bar
bardownharpoonleft	U+2961	downwards harpoon with barb left from bar
leftharpoonsupdown	U+2962	leftwards harpoon with barb up above leftwards harpoon with barb down
upharpoonsleftright	U+2963	upwards harpoon with barb left beside upwards harpoon with barb right
rightharpoonsupdown	U+2964	rightwards harpoon with barb up above rightwards harpoon with barb down
downharpoonsleftright	U+2965	downwards harpoon with barb left beside downwards harpoon with barb right
leftrightharpoonsup	U+2966	leftwards harpoon with barb up above rightwards harpoon with barb up
leftrightharpoonsdown	U+2967	leftwards harpoon with barb down above rightwards harpoon with barb down
rightleftharpoonsup	U+2968	rightwards harpoon with barb up above leftwards harpoon with barb up
rightleftharpoonsdown	U+2969	rightwards harpoon with barb down above leftwards harpoon with barb down
leftharpoonupdash	U+296A	leftwards harpoon with barb up above long dash
dashleftharpoondown	U+296B	leftwards harpoon with barb down below long dash
rightharpoonupdash	U+296C	rightwards harpoon with barb up above long dash
dashrightharpoondown	U+296D	rightwards harpoon with barb down below long dash
updownharpoonsleftright	U+296E	upwards harpoon with barb left beside downwards harpoon with barb right
downupharpoonsleftright	U+296F	downwards harpoon with barb left beside upwards harpoon with barb right
rightimply	U+2970	right double arrow with rounded head
equalrightarrow	U+2971	equals sign above rightwards arrow
similarrightarrow	U+2972	tilde operator above rightwards arrow
leftarrowsimilar	U+2973	leftwards arrow above tilde operator
rightarrowsimilar	U+2974	rightwards arrow above tilde operator
rightarrowapprox	U+2975	rightwards arrow above almost equal to
ltlarr	U+2976	less-than above leftwards arrow
leftarrowless	U+2977	leftwards arrow through less-than
gtrarr	U+2978	greater-than above rightwards arrow
subrarr	U+2979	subset above rightwards arrow
leftarrowsubset	U+297A	leftwards arrow through subset
suplarr	U+297B	superset above leftwards arrow
leftfishtail	U+297C	left fish tail
rightfishtail	U+297D	right fish tail
upfishtail	U+297E	up fish tail
downfishtail	U+297F	down fish tail
Vvert	U+2980	triple vertical bar delimiter
mdsmblkcircle	U+2981	z notation spot
typecolon	U+2982	z notation type colon
lBrace	U+2983	left white curly bracket
rBrace	U+2984	right white curly bracket
lParen	U+2985	left white parenthesis
rParen	U+2986	right white parenthesis
llparenthesis	U+2987	z notation left image bracket
rrparenthesis	U+2988	z notation right image bracket
llangle	U+2989	z notation left binding bracket
rrangle	U+298A	z notation right binding bracket
lbrackubar	U+298B	left square bracket with underbar
rbrackubar	U+298C	right square bracket with underbar
lbrackultick	U+298D	left square bracket with tick in top corner
rbracklrtick	U+298E	right square bracket with tick in bottom corner
lbracklltick	U+298F	left square bracket with tick in bottom corner
rbrackurtick	U+2990	right square bracket with tick in top corner
langledot	U+2991	left angle bracket with dot
rangledot	U+2992	right angle bracket with dot
lparenless	U+2993	left arc less-than bracket
rparengtr	U+2994	right arc greater-than bracket
Lparengtr	U+2995	double left arc greater-than bracket
Rparenless	U+2996	double right arc less-than bracket
lblkbrbrak	U+2997	left black tortoise shell bracket
rblkbrbrak	U+2998	right black tortoise shell bracket
fourvdots	U+2999	dotted fence
vzigzag	U+299A	vertical zigzag line
measuredangleleft	U+299B	measured angle opening left
rightanglesqr	U+299C	right angle variant with square
rightanglemdot	U+299D	measured right angle with dot
angles	U+299E	angle with s inside
angdnr	U+299F	acute angle
gtlpar	U+29A0	spherical angle opening left
sphericalangleup	U+29A1	spherical angle opening up
turnangle	U+29A2	turned angle
revangle	U+29A3	reversed angle
angleubar	U+29A4	angle with underbar
revangleubar	U+29A5	reversed angle with underbar
wideangledown	U+29A6	oblique angle opening up
wideangleup	U+29A7	oblique angle opening down
measanglerutone	U+29A8	measured angle with open arm ending in arrow pointing up and right
measanglelutonw	U+29A9	measured angle with open arm ending in arrow pointing up and left
measanglerdtose	U+29AA	measured angle with open arm ending in arrow pointing down and right
measangleldtosw	U+29AB	measured angle with open arm ending in arrow pointing down and left
measangleurtone	U+29AC	measured angle with open arm ending in arrow pointing right and up
measangleultonw	U+29AD	measured angle with open arm ending in arrow pointing left and up
measangledrtose	U+29AE	measured angle with open arm ending in arrow pointing right and down
measangledltosw	U+29AF	measured angle with open arm ending in arrow pointing left and down
revemptyset	U+29B0	reversed empty set
emptysetobar	U+29B1	empty set with overbar
emptysetocirc	U+29B2	empty set with small circle above
emptysetoarr	U+29B3	empty set with right arrow above
emptysetoarrl	U+29B4	empty set with left arrow above
circlehbar	U+29B5	circle with horizontal bar
circledvert	U+29B6	circled vertical bar
circledparallel	U+29B7	circled parallel
obslash	U+29B8	circled reverse solidus
operp	U+29B9	circled perpendicular
obot	U+29BA	circle divided by horizontal bar and top half divided by vertical bar
olcross	U+29BB	circle with superimposed x
odotslashdot	U+29BC	circled anticlockwise-rotated division sign
uparrowoncircle	U+29BD	up arrow through circle
circledwhitebullet	U+29BE	circled white bullet
circledbullet	U+29BF	circled bullet
olessthan	U+29C0	circled less-than
ogreaterthan	U+29C1	circled greater-than
cirscir	U+29C2	circle with small circle to the right
cirE	U+29C3	circle with two horizontal strokes to the right
boxdiag	U+29C4	squared rising diagonal slash
boxbslash	U+29C5	squared falling diagonal slash
boxast	U+29C6	squared asterisk
boxcircle	U+29C7	squared small circle
boxbox	U+29C8	squared square
boxonbox	U+29C9	two joined squares
triangleodot	U+29CA	triangle with dot above
triangleubar	U+29CB	triangle with underbar
triangles	U+29CC	s in triangle
triangleserifs	U+29CD	triangle with serifs at bottom
rtriltri	U+29CE	right triangle above left triangle
ltrivb	U+29CF	left triangle beside vertical bar
vbrtri	U+29D0	vertical bar beside right triangle
lfbowtie	U+29D1	left black bowtie
rfbowtie	U+29D2	right black bowtie
fbowtie	U+29D3	black bowtie
lftimes	U+29D4	left black times
rftimes	U+29D5	right black times
hourglass	U+29D6	white hourglass
blackhourglass	U+29D7	black hourglass
lvzigzag	U+29D8	left wiggly fence
rvzigzag	U+29D9	right wiggly fence
Lvzigzag	U+29DA	left double wiggly fence
Rvzigzag	U+29DB	right double wiggly fence
iinfin	U+29DC	incomplete infinity
tieinfty	U+29DD	tie over infinity
nvinfty	U+29DE	infinity negated with vertical bar
dualmap	U+29DF	double-ended multimap
laplac	U+29E0	square with contoured outline
lrtriangleeq	U+29E1	increases as
shuffle	U+29E2	shuffle product
eparsl	U+29E3	equals sign and slanted parallel
smeparsl	U+29E4	equals sign and slanted parallel with tilde above
eqvparsl	U+29E5	identical to and slanted parallel
gleichstark	U+29E6	gleich stark
thermod	U+29E7	thermodynamic
downtriangleleftblack	U+29E8	down-pointing triangle with left half black
downtrianglerightblack	U+29E9	down-pointing triangle with right half black
blackdiamonddownarrow	U+29EA	black diamond with down arrow
mdlgblklozenge	U+29EB	black lozenge
circledownarrow	U+29EC	white circle with down arrow
blackcircledownarrow	U+29ED	black circle with down arrow
errbarsquare	U+29EE	error-barred white square
errbarblacksquare	U+29EF	error-barred black square
errbardiamond	U+29F0	error-barred white diamond
errbarblackdiamond	U+29F1	error-barred black diamond
errbarcircle	U+29F2	error-barred white circle
errbarblackcircle	U+29F3	error-barred black circle
ruledelayed	U+29F4	rule-delayed
reversesolidus	U+29F5	reverse solidus
dsol	U+29F6	solidus with overbar
rsolbar	U+29F7	reverse solidus with horizontal stroke
xsol	U+29F8	big solidus
xbsol	U+29F9	big reverse solidus
doubleplus	U+29FA	double plus
tripleplus	U+29FB	triple plus
lcurvyangle	U+29FC	left pointing curved angle bracket
rcurvyangle	U+29FD	right pointing curved angle bracket
tplus	U+29FE	tiny
tminus	U+29FF	miny
bigodot	U+2A00	n-ary circled dot operator
bigoplus	U+2A01	n-ary circled plus operator
bigotimes	U+2A02	n-ary circled times operator
bigcupdot	U+2A03	n-ary union operator with dot
biguplus	U+2A04	n-ary union operator with plus
bigsqcap	U+2A05	n-ary square intersection operator
bigsqcup	U+2A06	n-ary square union operator
conjquant	U+2A07	two logical and operator
disjquant	U+2A08	two logical or operator
bigtimes	U+2A09	n-ary times operator
modtwosum	U+2A0A	modulo two sum
sumint	U+2A0B	summation with integral
iiiint	U+2A0C	quadruple integral operator
intbar	U+2A0D	finite part integral
intBar	U+2A0E	integral with double stroke
fint	U+2A0F	integral average with slash
cirfnint	U+2A10	circulation function
awint	U+2A11	anticlockwise integration
rppolint	U+2A12	line integration with rectangular path around pole
scpolint	U+2A13	line integration with semicircular path around pole
npolint	U+2A14	line integration not including the pole
pointint	U+2A15	integral around a point operator
sqint	U+2A16	quaternion integral operator
intlarhk	U+2A17	integral with leftwards arrow with hook
intx	U+2A18	integral with times sign
intcap	U+2A19	integral with intersection
intcup	U+2A1A	integral with union
upint	U+2A1B	integral with overbar
lowint	U+2A1C	integral with underbar
Join	U+2A1D	join
bigtriangleleft	U+2A1E	large left triangle operator
zcmp	U+2A1F	z notation schema composition
zpipe	U+2A20	z notation schema piping
zproject	U+2A21	z notation schema projection
ringplus	U+2A22	plus sign with small circle above
plushat	U+2A23	plus sign with circumflex accent above
simplus	U+2A24	plus sign with tilde above
plusdot	U+2A25	plus sign with dot below
plussim	U+2A26	plus sign with tilde below
plussubtwo	U+2A27	plus sign with subscript two
plustrif	U+2A28	plus sign with black triangle
commaminus	U+2A29	minus sign with comma above
minusdot	U+2A2A	minus sign with dot below
minusfdots	U+2A2B	minus sign with falling dots
minusrdots	U+2A2C	minus sign with rising dots
opluslhrim	U+2A2D	plus sign in left half circle
oplusrhrim	U+2A2E	plus sign in right half circle
vectimes	U+2A2F	vector or cross product
dottimes	U+2A30	multiplication sign with dot above
timesbar	U+2A31	multiplication sign with underbar
btimes	U+2A32	semidirect product with bottom closed
smashtimes	U+2A33	smash product
otimeslhrim	U+2A34	multiplication sign in left half circle
otimesrhrim	U+2A35	multiplication sign in right half circle
otimeshat	U+2A36	circled multiplication sign with circumflex accent
Otimes	U+2A37	multiplication sign in double circle
odiv	U+2A38	circled division sign
triangleplus	U+2A39	plus sign in triangle
triangleminus	U+2A3A	minus sign in triangle
triangletimes	U+2A3B	multiplication sign in triangle
intprod	U+2A3C	interior product
intprodr	U+2A3D	righthand interior product
fcmp	U+2A3E	z notation relational composition
amalg	U+2A3F	amalgamation or coproduct
capdot	U+2A40	intersection with dot
uminus	U+2A41	union with minus sign
barcup	U+2A42	union with overbar
barcap	U+2A43	intersection with overbar
capwedge	U+2A44	intersection with logical and
cupvee	U+2A45	union with logical or
cupovercap	U+2A46	union above intersection
capovercup	U+2A47	intersection above union
cupbarcap	U+2A48	union above bar above intersection
capbarcup	U+2A49	intersection above bar above union
twocups	U+2A4A	union beside and joined with union
twocaps	U+2A4B	intersection beside and joined with intersection
closedvarcup	U+2A4C	closed union with serifs
closedvarcap	U+2A4D	closed intersection with serifs
Sqcap	U+2A4E	double square intersection
Sqcup	U+2A4F	double square union
closedvarcupsmashprod	U+2A50	closed union with serifs and smash product
wedgeodot	U+2A51	logical and with dot above
veeodot	U+2A52	logical or with dot above
Wedge	U+2A53	double logical and
Vee	U+2A54	double logical or
wedgeonwedge	U+2A55	two intersecting logical and
veeonvee	U+2A56	two intersecting logical or
bigslopedvee	U+2A57	sloping large or
bigslopedwedge	U+2A58	sloping large and
veeonwedge	U+2A59	logical or overlapping logical and
wedgemidvert	U+2A5A	logical and with middle stem
veemidvert	U+2A5B	logical or with middle stem
midbarwedge	U+2A5C	ogical and with horizontal dash
midbarvee	U+2A5D	logical or with horizontal dash
doublebarwedge	U+2A5E	logical and with double overbar
wedgebar	U+2A5F	logical and with underbar
wedgedoublebar	U+2A60	logical and with double underbar
varveebar	U+2A61	small vee with underbar
doublebarvee	U+2A62	logical or with double overbar
veedoublebar	U+2A63	logical or with double underbar
dsub	U+2A64	z notation domain antirestriction
rsub	U+2A65	z notation range antirestriction
eqdot	U+2A66	equals sign with dot below
dotequiv	U+2A67	identical with dot above
equivVert	U+2A68	triple horizontal bar with double vertical stroke
equivVvert	U+2A69	triple horizontal bar with triple vertical stroke
dotsim	U+2A6A	tilde operator with dot above
simrdots	U+2A6B	tilde operator with rising dots
simminussim	U+2A6C	similar minus similar
congdot	U+2A6D	congruent with dot above
asteq	U+2A6E	equals with asterisk
hatapprox	U+2A6F	almost equal to with circumflex accent
approxeqq	U+2A70	approximately equal or equal to
eqqplus	U+2A71	equals sign above plus sign
pluseqq	U+2A72	plus sign above equals sign
eqqsim	U+2A73	equals sign above tilde operator
Coloneq	U+2A74	double colon equal
eqeq	U+2A75	two consecutive equals signs
eqeqeq	U+2A76	three consecutive equals signs
ddotseq	U+2A77	equals sign with two dots above and two dots below
equivDD	U+2A78	equivalent with four dots above
ltcir	U+2A79	less-than with circle inside
gtcir	U+2A7A	greater-than with circle inside
ltquest	U+2A7B	less-than with question mark above
gtquest	U+2A7C	greater-than with question mark above
leqslant	U+2A7D	less-than or slanted equal to
geqslant	U+2A7E	greater-than or slanted equal to
lesdot	U+2A7F	less-than or slanted equal to with dot inside
gesdot	U+2A80	greater-than or slanted equal to with dot inside
lesdoto	U+2A81	less-than or slanted equal to with dot above
gesdoto	U+2A82	greater-than or slanted equal to with dot above
lesdotor	U+2A83	less-than or slanted equal to with dot above right
gesdotol	U+2A84	greater-than or slanted equal to with dot above left
lessapprox	U+2A85	less-than or approximate
gtrapprox	U+2A86	greater-than or approximate
lneq	U+2A87	less-than and single-line not equal to
gneq	U+2A88	greater-than and single-line not equal to
lnapprox	U+2A89	less-than and not approximate
gnapprox	U+2A8A	greater-than and not approximate
lesseqqgtr	U+2A8B	less-than above double-line equal above greater-than
gtreqqless	U+2A8C	greater-than above double-line equal above less-than
lsime	U+2A8D	less-than above similar or equal
gsime	U+2A8E	greater-than above similar or equal
lsimg	U+2A8F	less-than above similar above greater-than
gsiml	U+2A90	greater-than above similar above less-than
lgE	U+2A91	less-than above greater-than above double-line equal
glE	U+2A92	greater-than above less-than above double-line equal
lesges	U+2A93	less-than above slanted equal above greater-than above slanted equal
gesles	U+2A94	greater-than above slanted equal above less-than above slanted equal
eqslantless	U+2A95	slanted equal to or less-than
eqslantgtr	U+2A96	slanted equal to or greater-than
elsdot	U+2A97	slanted equal to or less-than with dot inside
egsdot	U+2A98	slanted equal to or greater-than with dot inside
eqqless	U+2A99	double-line equal to or less-than
eqqgtr	U+2A9A	double-line equal to or greater-than
eqqslantless	U+2A9B	double-line slanted equal to or less-than
eqqslantgtr	U+2A9C	double-line slanted equal to or greater-than
simless	U+2A9D	similar or less-than
simgtr	U+2A9E	similar or greater-than
simlE	U+2A9F	similar above less-than above equals sign
simgE	U+2AA0	similar above greater-than above equals sign
Lt	U+2AA1	double nested less-than
Gt	U+2AA2	double nested greater-than
partialmeetcontraction	U+2AA3	double less-than with underbar
glj	U+2AA4	greater-than overlapping less-than
gla	U+2AA5	greater-than beside less-than
ltcc	U+2AA6	less-than closed by curve
gtcc	U+2AA7	greater-than closed by curve
lescc	U+2AA8	less-than closed by curve above slanted equal
gescc	U+2AA9	greater-than closed by curve above slanted equal
smt	U+2AAA	smaller than
lat	U+2AAB	larger than
smte	U+2AAC	smaller than or equal to
late	U+2AAD	larger than or equal to
bumpeqq	U+2AAE	equals sign with bumpy above
preceq	U+2AAF	precedes above single-line equals sign
succeq	U+2AB0	succeeds above single-line equals sign
precneq	U+2AB1	precedes above single-line not equal to
succneq	U+2AB2	succeeds above single-line not equal to
preceqq	U+2AB3	precedes above equals sign
succeqq	U+2AB4	succeeds above equals sign
precneqq	U+2AB5	precedes above not equal to
succneqq	U+2AB6	succeeds above not equal to
precapprox	U+2AB7	precedes above almost equal to
succapprox	U+2AB8	succeeds above almost equal to
precnapprox	U+2AB9	precedes above not almost equal to
succnapprox	U+2ABA	succeeds above not almost equal to
Prec	U+2ABB	double precedes
Succ	U+2ABC	double succeeds
subsetdot	U+2ABD	subset with dot
supsetdot	U+2ABE	superset with dot
subsetplus	U+2ABF	subset with plus sign below
supsetplus	U+2AC0	superset with plus sign below
submult	U+2AC1	subset with multiplication sign below
supmult	U+2AC2	superset with multiplication sign below
subedot	U+2AC3	subset of or equal to with dot above
supedot	U+2AC4	superset of or equal to with dot above
subseteqq	U+2AC5	subset of above equals sign
supseteqq	U+2AC6	superset of above equals sign
subsim	U+2AC7	subset of above tilde operator
supsim	U+2AC8	superset of above tilde operator
subsetapprox	U+2AC9	subset of above almost equal to
supsetapprox	U+2ACA	superset of above almost equal to
subsetneqq	U+2ACB	subset of above not equal to
supsetneqq	U+2ACC	superset of above not equal to
lsqhook	U+2ACD	square left open box operator
rsqhook	U+2ACE	square right open box operator
csub	U+2ACF	closed subset
csup	U+2AD0	closed superset
csube	U+2AD1	closed subset or equal to
csupe	U+2AD2	closed superset or equal to
subsup	U+2AD3	subset above superset
supsub	U+2AD4	superset above subset
subsub	U+2AD5	subset above subset
supsup	U+2AD6	superset above superset
suphsub	U+2AD7	superset beside subset
supdsub	U+2AD8	superset beside and joined by dash with subset
forkv	U+2AD9	element of opening downwards
topfork	U+2ADA	pitchfork with tee top
mlcp	U+2ADB	transversal intersection
forks	U+2ADC	forking
forksnot	U+2ADD	nonforking
shortlefttack	U+2ADE	short left tack
shortdowntack	U+2ADF	short down tack
shortuptack	U+2AE0	short up tack
perps	U+2AE1	perpendicular with s
vDdash	U+2AE2	vertical bar triple right turnstile
dashV	U+2AE3	double vertical bar left turnstile
Dashv	U+2AE4	vertical bar double left turnstile
DashV	U+2AE5	double vertical bar double left turnstile
varVdash	U+2AE6	long dash from left member of double vertical
Barv	U+2AE7	short down tack with overbar
vBar	U+2AE8	short up tack with underbar
vBarv	U+2AE9	short up tack above short down tack
barV	U+2AEA	double down tack
Vbar	U+2AEB	double up tack
Not	U+2AEC	double stroke not sign
bNot	U+2AED	reversed double stroke not sign
revnmid	U+2AEE	does not divide with reversed negation slash
cirmid	U+2AEF	vertical line with circle above
midcir	U+2AF0	vertical line with circle below
topcir	U+2AF1	down tack with circle below
nhpar	U+2AF2	parallel with horizontal stroke
parsim	U+2AF3	parallel with tilde operator
interleave	U+2AF4	triple vertical bar binary relation
nhVvert	U+2AF5	triple vertical bar with horizontal stroke
threedotcolon	U+2AF6	triple colon operator
lllnest	U+2AF7	stacked very much less-than
gggnest	U+2AF8	stacked very much greater-than
leqqslant	U+2AF9	double-line slanted less-than or equal to
geqqslant	U+2AFA	double-line slanted greater-than or equal to
trslash	U+2AFB	triple solidus binary relation
biginterleave	U+2AFC	large triple vertical bar operator
sslash	U+2AFD	double solidus operator
talloblong	U+2AFE	white vertical bar
bigtalloblong	U+2AFF	n-ary white vertical bar
squaretopblack	U+2B12	square with top half black
squarebotblack	U+2B13	square with bottom half black
squareurblack	U+2B14	square with upper right diagonal half black
squarellblack	U+2B15	square with lower left diagonal half black
diamondleftblack	U+2B16	diamond with left half black
diamondrightblack	U+2B17	diamond with right half black
diamondtopblack	U+2B18	diamond with top half black
diamondbotblack	U+2B19	diamond with bottom half black
dottedsquare	U+2B1A	dotted square
lgblksquare	U+2B1B	black large square
lgwhtsquare	U+2B1C	white large square
vysmblksquare	U+2B1D	black very small square
vysmwhtsquare	U+2B1E	white very small square
pentagonblack	U+2B1F	black pentagon
pentagon	U+2B20	white pentagon
varhexagon	U+2B21	white hexagon
varhexagonblack	U+2B22	black hexagon
hexagonblack	U+2B23	horizontal black hexagon
lgblkcircle	U+2B24	black large circle
mdblkdiamond	U+2B25	black medium diamond
mdwhtdiamond	U+2B26	white medium diamond
mdblklozenge	U+2B27	black medium lozenge
mdwhtlozenge	U+2B28	white medium lozenge
smblkdiamond	U+2B29	black small diamond
smblklozenge	U+2B2A	black small lozenge
smwhtlozenge	U+2B2B	white small lozenge
blkhorzoval	U+2B2C	black horizontal ellipse
whthorzoval	U+2B2D	white horizontal ellipse
blkvertoval	U+2B2E	black vertical ellipse
whtvertoval	U+2B2F	white vertical ellipse
circleonleftarrow	U+2B30	left arrow with small circle
leftthreearrows	U+2B31	three leftwards arrows
leftarrowonoplus	U+2B32	left arrow with circled plus
longleftsquigarrow	U+2B33	long leftwards squiggle arrow
nvtwoheadleftarrow	U+2B34	leftwards two-headed arrow with vertical stroke
nVtwoheadleftarrow	U+2B35	leftwards two-headed arrow with double vertical stroke
twoheadmapsfrom	U+2B36	leftwards two-headed arrow from bar
twoheadleftdbkarrow	U+2B37	leftwards two-headed triple-dash arrow
leftdotarrow	U+2B38	leftwards arrow with dotted stem
nvleftarrowtail	U+2B39	leftwards arrow with tail with vertical stroke
nVleftarrowtail	U+2B3A	leftwards arrow with tail with double vertical stroke
twoheadleftarrowtail	U+2B3B	leftwards two-headed arrow with tail
nvtwoheadleftarrowtail	U+2B3C	leftwards two-headed arrow with tail with vertical stroke
nVtwoheadleftarrowtail	U+2B3D	leftwards two-headed arrow with tail with double vertical stroke
leftarrowx	U+2B3E	leftwards arrow through x
leftcurvedarrow	U+2B3F	wave arrow pointing directly left
equalleftarrow	U+2B40	equals sign above leftwards arrow
bsimilarleftarrow	U+2B41	reverse tilde operator above leftwards arrow
leftarrowbackapprox	U+2B42	leftwards arrow above reverse almost equal to
rightarrowgtr	U+2B43	rightwards arrow through greater-than
rightarrowsupset	U+2B44	rightwards arrow through subset
LLeftarrow	U+2B45	leftwards quadruple arrow
RRightarrow	U+2B46	rightwards quadruple arrow
bsimilarrightarrow	U+2B47	reverse tilde operator above rightwards arrow
rightarrowbackapprox	U+2B48	rightwards arrow above reverse almost equal to
similarleftarrow	U+2B49	tilde operator above leftwards arrow
leftarrowapprox	U+2B4A	leftwards arrow above almost equal to
leftarrowbsimilar	U+2B4B	leftwards arrow above reverse tilde operator
rightarrowbsimilar	U+2B4C	righttwards arrow above reverse tilde operator
medwhitestar	U+2B50	white medium star
medblackstar	U+2B51	black medium star
smwhitestar	U+2B52	white small star
rightpentagonblack	U+2B53	black right-pointing pentagon
rightpentagon	U+2B54	white right-pointing pentagon
postalmark	U+3012	postal mark
hzigzag	U+3030	zigzag
mbfA	U+1D400	mathematical bold capital a
mbfB	U+1D401	mathematical bold capital b
mbfC	U+1D402	mathematical bold capital c
mbfD	U+1D403	mathematical bold capital d
mbfE	U+1D404	mathematical bold capital e
mbfF	U+1D405	mathematical bold capital f
mbfG	U+1D406	mathematical bold capital g
mbfH	U+1D407	mathematical bold capital h
mbfI	U+1D408	mathematical bold capital i
mbfJ	U+1D409	mathematical bold capital j
mbfK	U+1D40A	mathematical bold capital k
mbfL	U+1D40B	mathematical bold capital l
mbfM	U+1D40C	mathematical bold capital m
mbfN	U+1D40D	mathematical bold capital n
mbfO	U+1D40E	mathematical bold capital o
mbfP	U+1D40F	mathematical bold capital p
mbfQ	U+1D410	mathematical bold capital q
mbfR	U+1D411	mathematical bold capital r
mbfS	U+1D412	mathematical bold capital s
mbfT	U+1D413	mathematical bold capital t
mbfU	U+1D414	mathematical bold capital u
mbfV	U+1D415	mathematical bold capital v
mbfW	U+1D416	mathematical bold capital w
mbfX	U+1D417	mathematical bold capital x
mbfY	U+1D418	mathematical bold capital y
mbfZ	U+1D419	mathematical bold capital z
mbfa	U+1D41A	mathematical bold small a
mbfb	U+1D41B	mathematical bold small b
mbfc	U+1D41C	mathematical bold small c
mbfd	U+1D41D	mathematical bold small d
mbfe	U+1D41E	mathematical bold small e
mbff	U+1D41F	mathematical bold small f
mbfg	U+1D420	mathematical bold small g
mbfh	U+1D421	mathematical bold small h
mbfi	U+1D422	mathematical bold small i
mbfj	U+1D423	mathematical bold small j
mbfk	U+1D424	mathematical bold small k
mbfl	U+1D425	mathematical bold small l
mbfm	U+1D426	mathematical bold small m
mbfn	U+1D427	mathematical bold small n
mbfo	U+1D428	mathematical bold small o
mbfp	U+1D429	mathematical bold small p
mbfq	U+1D42A	mathematical bold small q
mbfr	U+1D42B	mathematical bold small r
mbfs	U+1D42C	mathematical bold small s
mbft	U+1D42D	mathematical bold small t
mbfu	U+1D42E	mathematical bold small u
mbfv	U+1D42F	mathematical bold small v
mbfw	U+1D430	mathematical bold small w
mbfx	U+1D431	mathematical bold small x
mbfy	U+1D432	mathematical bold small y
mbfz	U+1D433	mathematical bold small z
mitA	U+1D434	mathematical italic capital a
mitB	U+1D435	mathematical italic capital b
mitC	U+1D436	mathematical italic capital c
mitD	U+1D437	mathematical italic capital d
mitE	U+1D438	mathematical italic capital e
mitF	U+1D439	mathematical italic capital f
mitG	U+1D43A	mathematical italic capital g
mitH	U+1D43B	mathematical italic capital h
mitI	U+1D43C	mathematical italic capital i
mitJ	U+1D43D	mathematical italic capital j
mitK	U+1D43E	mathematical italic capital k
mitL	U+1D43F	mathematical italic capital l
mitM	U+1D440	mathematical italic capital m
mitN	U+1D441	mathematical italic capital n
mitO	U+1D442	mathematical italic capital o
mitP	U+1D443	mathematical italic capital p
mitQ	U+1D444	mathematical italic capital q
mitR	U+1D445	mathematical italic capital r
mitS	U+1D446	mathematical italic capital s
mitT	U+1D447	mathematical italic capital t
mitU	U+1D448	mathematical italic capital u
mitV	U+1D449	mathematical italic capital v
mitW	U+1D44A	mathematical italic capital w
mitX	U+1D44B	mathematical italic capital x
mitY	U+1D44C	mathematical italic capital y
mitZ	U+1D44D	mathematical italic capital z
mita	U+1D44E	mathematical italic small a
mitb	U+1D44F	mathematical italic small b
mitc	U+1D450	mathematical italic small c
mitd	U+1D451	mathematical italic small d
mite	U+1D452	mathematical italic small e
mitf	U+1D453	mathematical italic small f
mitg	U+1D454	mathematical italic small g
miti	U+1D456	mathematical italic small i
mitj	U+1D457	mathematical italic small j
mitk	U+1D458	mathematical italic small k
mitl	U+1D459	mathematical italic small l
mitm	U+1D45A	mathematical italic small m
mitn	U+1D45B	mathematical italic small n
mito	U+1D45C	mathematical italic small o
mitp	U+1D45D	mathematical italic small p
mitq	U+1D45E	mathematical italic small q
mitr	U+1D45F	mathematical italic small r
mits	U+1D460	mathematical italic small s
mitt	U+1D461	mathematical italic small t
mitu	U+1D462	mathematical italic small u
mitv	U+1D463	mathematical italic small v
mitw	U+1D464	mathematical italic small w
mitx	U+1D465	mathematical italic small x
mity	U+1D466	mathematical italic small y
mitz	U+1D467	mathematical italic small z
mbfitA	U+1D468	mathematical bold italic capital a
mbfitB	U+1D469	mathematical bold italic capital b
mbfitC	U+1D46A	mathematical bold italic capital c
mbfitD	U+1D46B	mathematical bold italic capital d
mbfitE	U+1D46C	mathematical bold italic capital e
mbfitF	U+1D46D	mathematical bold italic capital f
mbfitG	U+1D46E	mathematical bold italic capital g
mbfitH	U+1D46F	mathematical bold italic capital h
mbfitI	U+1D470	mathematical bold italic capital i
mbfitJ	U+1D471	mathematical bold italic capital j
mbfitK	U+1D472	mathematical bold italic capital k
mbfitL	U+1D473	mathematical bold italic capital l
mbfitM	U+1D474	mathematical bold italic capital m
mbfitN	U+1D475	mathematical bold italic capital n
mbfitO	U+1D476	mathematical bold italic capital o
mbfitP	U+1D477	mathematical bold italic capital p
mbfitQ	U+1D478	mathematical bold italic capital q
mbfitR	U+1D479	mathematical bold italic capital r
mbfitS	U+1D47A	mathematical bold italic capital s
mbfitT	U+1D47B	mathematical bold italic capital t
mbfitU	U+1D47C	mathematical bold italic capital u
mbfitV	U+1D47D	mathematical bold italic capital v
mbfitW	U+1D47E	mathematical bold italic capital w
mbfitX	U+1D47F	mathematical bold italic capital x
mbfitY	U+1D480	mathematical bold italic capital y
mbfitZ	U+1D481	mathematical bold italic capital z
mbfita	U+1D482	mathematical bold italic small a
mbfitb	U+1D483	mathematical bold italic small b
mbfitc	U+1D484	mathematical bold italic small c
mbfitd	U+1D485	mathematical bold italic small d
mbfite	U+1D486	mathematical bold italic small e
mbfitf	U+1D487	mathematical bold italic small f
mbfitg	U+1D488	mathematical bold italic small g
mbfith	U+1D489	mathematical bold italic small h
mbfiti	U+1D48A	mathematical bold italic small i
mbfitj	U+1D48B	mathematical bold italic small j
mbfitk	U+1D48C	mathematical bold italic small k
mbfitl	U+1D48D	mathematical bold italic small l
mbfitm	U+1D48E	mathematical bold italic small m
mbfitn	U+1D48F	mathematical bold italic small n
mbfito	U+1D490	mathematical bold italic small o
mbfitp	U+1D491	mathematical bold italic small p
mbfitq	U+1D492	mathematical bold italic small q
mbfitr	U+1D493	mathematical bold italic small r
mbfits	U+1D494	mathematical bold italic small s
mbfitt	U+1D495	mathematical bold italic small t
mbfitu	U+1D496	mathematical bold italic small u
mbfitv	U+1D497	mathematical bold italic small v
mbfitw	U+1D498	mathematical bold italic small w
mbfitx	U+1D499	mathematical bold italic small x
mbfity	U+1D49A	mathematical bold italic small y
mbfitz	U+1D49B	mathematical bold italic small z
mscrA	U+1D49C	mathematical script capital a
mscrC	U+1D49E	mathematical script capital c
mscrD	U+1D49F	mathematical script capital d
mscrG	U+1D4A2	mathematical script capital g
mscrJ	U+1D4A5	mathematical script capital j
mscrK	U+1D4A6	mathematical script capital k
mscrN	U+1D4A9	mathematical script capital n
mscrO	U+1D4AA	mathematical script capital o
mscrP	U+1D4AB	mathematical script capital p
mscrQ	U+1D4AC	mathematical script capital q
mscrS	U+1D4AE	mathematical script capital s
mscrT	U+1D4AF	mathematical script capital t
mscrU	U+1D4B0	mathematical script capital u
mscrV	U+1D4B1	mathematical script capital v
mscrW	U+1D4B2	mathematical script capital w
mscrX	U+1D4B3	mathematical script capital x
mscrY	U+1D4B4	mathematical script capital y
mscrZ	U+1D4B5	mathematical script capital z
mscra	U+1D4B6	mathematical script small a
mscrb	U+1D4B7	mathematical script small b
mscrc	U+1D4B8	mathematical script small c
mscrd	U+1D4B9	mathematical script small d
mscrf	U+1D4BB	mathematical script small f
mscrh	U+1D4BD	mathematical script small h
mscri	U+1D4BE	mathematical script small i
mscrj	U+1D4BF	mathematical script small j
mscrk	U+1D4C0	mathematical script small k
mscrl	U+1D4C1	mathematical script small l
mscrm	U+1D4C2	mathematical script small m
mscrn	U+1D4C3	mathematical script small n
mscrp	U+1D4C5	mathematical script small p
mscrq	U+1D4C6	mathematical script small q
mscrr	U+1D4C7	mathematical script small r
mscrs	U+1D4C8	mathematical script small s
mscrt	U+1D4C9	mathematical script small t
mscru	U+1D4CA	mathematical script small u
mscrv	U+1D4CB	mathematical script small v
mscrw	U+1D4CC	mathematical script small w
mscrx	U+1D4CD	mathematical script small x
mscry	U+1D4CE	mathematical script small y
mscrz	U+1D4CF	mathematical script small z
mbfscrA	U+1D4D0	mathematical bold script capital a
mbfscrB	U+1D4D1	mathematical bold script capital b
mbfscrC	U+1D4D2	mathematical bold script capital c
mbfscrD	U+1D4D3	mathematical bold script capital d
mbfscrE	U+1D4D4	mathematical bold script capital e
mbfscrF	U+1D4D5	mathematical bold script capital f
mbfscrG	U+1D4D6	mathematical bold script capital g
mbfscrH	U+1D4D7	mathematical bold script capital h
mbfscrI	U+1D4D8	mathematical bold script capital i
mbfscrJ	U+1D4D9	mathematical bold script capital j
mbfscrK	U+1D4DA	mathematical bold script capital k
mbfscrL	U+1D4DB	mathematical bold script capital l
mbfscrM	U+1D4DC	mathematical bold script capital m
mbfscrN	U+1D4DD	mathematical bold script capital n
mbfscrO	U+1D4DE	mathematical bold script capital o
mbfscrP	U+1D4DF	mathematical bold script capital p
mbfscrQ	U+1D4E0	mathematical bold script capital q
mbfscrR	U+1D4E1	mathematical bold script capital r
mbfscrS	U+1D4E2	mathematical bold script capital s
mbfscrT	U+1D4E3	mathematical bold script capital t
mbfscrU	U+1D4E4	mathematical bold script capital u
mbfscrV	U+1D4E5	mathematical bold script capital v
mbfscrW	U+1D4E6	mathematical bold script capital w
mbfscrX	U+1D4E7	mathematical bold script capital x
mbfscrY	U+1D4E8	mathematical bold script capital y
mbfscrZ	U+1D4E9	mathematical bold script capital z
mbfscra	U+1D4EA	mathematical bold script small a
mbfscrb	U+1D4EB	mathematical bold script small b
mbfscrc	U+1D4EC	mathematical bold script small c
mbfscrd	U+1D4ED	mathematical bold script small d
mbfscre	U+1D4EE	mathematical bold script small e
mbfscrf	U+1D4EF	mathematical bold script small f
mbfscrg	U+1D4F0	mathematical bold script small g
mbfscrh	U+1D4F1	mathematical bold script small h
mbfscri	U+1D4F2	mathematical bold script small i
mbfscrj	U+1D4F3	mathematical bold script small j
mbfscrk	U+1D4F4	mathematical bold script small k
mbfscrl	U+1D4F5	mathematical bold script small l
mbfscrm	U+1D4F6	mathematical bold script small m
mbfscrn	U+1D4F7	mathematical bold script small n
mbfscro	U+1D4F8	mathematical bold script small o
mbfscrp	U+1D4F9	mathematical bold script small p
mbfscrq	U+1D4FA	mathematical bold script small q
mbfscrr	U+1D4FB	mathematical bold script small r
mbfscrs	U+1D4FC	mathematical bold script small s
mbfscrt	U+1D4FD	mathematical bold script small t
mbfscru	U+1D4FE	mathematical bold script small u
mbfscrv	U+1D4FF	mathematical bold script small v
mbfscrw	U+1D500	mathematical bold script small w
mbfscrx	U+1D501	mathematical bold script small x
mbfscry	U+1D502	mathematical bold script small y
mbfscrz	U+1D503	mathematical bold script small z
mfrakA	U+1D504	mathematical fraktur capital a
mfrakB	U+1D505	mathematical fraktur capital b
mfrakD	U+1D507	mathematical fraktur capital d
mfrakE	U+1D508	mathematical fraktur capital e
mfrakF	U+1D509	mathematical fraktur capital f
mfrakG	U+1D50A	mathematical fraktur capital g
mfrakJ	U+1D50D	mathematical fraktur capital j
mfrakK	U+1D50E	mathematical fraktur capital k
mfrakL	U+1D50F	mathematical fraktur capital l
mfrakM	U+1D510	mathematical fraktur capital m
mfrakN	U+1D511	mathematical fraktur capital n
mfrakO	U+1D512	mathematical fraktur capital o
mfrakP	U+1D513	mathematical fraktur capital p
mfrakQ	U+1D514	mathematical fraktur capital q
mfrakS	U+1D516	mathematical fraktur capital s
mfrakT	U+1D517	mathematical fraktur capital t
mfrakU	U+1D518	mathematical fraktur capital u
mfrakV	U+1D519	mathematical fraktur capital v
mfrakW	U+1D51A	mathematical fraktur capital w
mfrakX	U+1D51B	mathematical fraktur capital x
mfrakY	U+1D51C	mathematical fraktur capital y
mfraka	U+1D51E	mathematical fraktur small a
mfrakb	U+1D51F	mathematical fraktur small b
mfrakc	U+1D520	mathematical fraktur small c
mfrakd	U+1D521	mathematical fraktur small d
mfrake	U+1D522	mathematical fraktur small e
mfrakf	U+1D523	mathematical fraktur small f
mfrakg	U+1D524	mathematical fraktur small g
mfrakh	U+1D525	mathematical fraktur small h
mfraki	U+1D526	mathematical fraktur small i
mfrakj	U+1D527	mathematical fraktur small j
mfrakk	U+1D528	mathematical fraktur small k
mfrakl	U+1D529	mathematical fraktur small l
mfrakm	U+1D52A	mathematical fraktur small m
mfrakn	U+1D52B	mathematical fraktur small n
mfrako	U+1D52C	mathematical fraktur small o
mfrakp	U+1D52D	mathematical fraktur small p
mfrakq	U+1D52E	mathematical fraktur small q
mfrakr	U+1D52F	mathematical fraktur small r
mfraks	U+1D530	mathematical fraktur small s
mfrakt	U+1D531	mathematical fraktur small t
mfraku	U+1D532	mathematical fraktur small u
mfrakv	U+1D533	mathematical fraktur small v
mfrakw	U+1D534	mathematical fraktur small w
mfrakx	U+1D535	mathematical fraktur small x
mfraky	U+1D536	mathematical fraktur small y
mfrakz	U+1D537	mathematical fraktur small z
BbbA	U+1D538	mathematical double-struck capital a
BbbB	U+1D539	mathematical double-struck capital b
BbbD	U+1D53B	mathematical double-struck capital d
BbbE	U+1D53C	mathematical double-struck capital e
BbbF	U+1D53D	mathematical double-struck capital f
BbbG	U+1D53E	mathematical double-struck capital g
BbbI	U+1D540	mathematical double-struck capital i
BbbJ	U+1D541	mathematical double-struck capital j
BbbK	U+1D542	mathematical double-struck capital k
BbbL	U+1D543	mathematical double-struck capital l
BbbM	U+1D544	mathematical double-struck capital m
BbbO	U+1D546	mathematical double-struck capital o
BbbS	U+1D54A	mathematical double-struck capital s
BbbT	U+1D54B	mathematical double-struck capital t
BbbU	U+1D54C	mathematical double-struck capital u
BbbV	U+1D54D	mathematical double-struck capital v
BbbW	U+1D54E	mathematical double-struck capital w
BbbX	U+1D54F	mathematical double-struck capital x
BbbY	U+1D550	mathematical double-struck capital y
Bbba	U+1D552	mathematical double-struck small a
Bbbb	U+1D553	mathematical double-struck small b
Bbbc	U+1D554	mathematical double-struck small c
Bbbd	U+1D555	mathematical double-struck small d
Bbbe	U+1D556	mathematical double-struck small e
Bbbf	U+1D557	mathematical double-struck small f
Bbbg	U+1D558	mathematical double-struck small g
Bbbh	U+1D559	mathematical double-struck small h
Bbbi	U+1D55A	mathematical double-struck small i
Bbbj	U+1D55B	mathematical double-struck small j
Bbbk	U+1D55C	mathematical double-struck small k
Bbbl	U+1D55D	mathematical double-struck small l
Bbbm	U+1D55E	mathematical double-struck small m
Bbbn	U+1D55F	mathematical double-struck small n
Bbbo	U+1D560	mathematical double-struck small o
Bbbp	U+1D561	mathematical double-struck small p
Bbbq	U+1D562	mathematical double-struck small q
Bbbr	U+1D563	mathematical double-struck small r
Bbbs	U+1D564	mathematical double-struck small s
Bbbt	U+1D565	mathematical double-struck small t
Bbbu	U+1D566	mathematical double-struck small u
Bbbv	U+1D567	mathematical double-struck small v
Bbbw	U+1D568	mathematical double-struck small w
Bbbx	U+1D569	mathematical double-struck small x
Bbby	U+1D56A	mathematical double-struck small y
Bbbz	U+1D56B	mathematical double-struck small z
mbffrakA	U+1D56C	mathematical bold fraktur capital a
mbffrakB	U+1D56D	mathematical bold fraktur capital b
mbffrakC	U+1D56E	mathematical bold fraktur capital c
mbffrakD	U+1D56F	mathematical bold fraktur capital d
mbffrakE	U+1D570	mathematical bold fraktur capital e
mbffrakF	U+1D571	mathematical bold fraktur capital f
mbffrakG	U+1D572	mathematical bold fraktur capital g
mbffrakH	U+1D573	mathematical bold fraktur capital h
mbffrakI	U+1D574	mathematical bold fraktur capital i
mbffrakJ	U+1D575	mathematical bold fraktur capital j
mbffrakK	U+1D576	mathematical bold fraktur capital k
mbffrakL	U+1D577	mathematical bold fraktur capital l
mbffrakM	U+1D578	mathematical bold fraktur capital m
mbffrakN	U+1D579	mathematical bold fraktur capital n
mbffrakO	U+1D57A	mathematical bold fraktur capital o
mbffrakP	U+1D57B	mathematical bold fraktur capital p
mbffrakQ	U+1D57C	mathematical bold fraktur capital q
mbffrakR	U+1D57D	mathematical bold fraktur capital r
mbffrakS	U+1D57E	mathematical bold fraktur capital s
mbffrakT	U+1D57F	mathematical bold fraktur capital t
mbffrakU	U+1D580	mathematical bold fraktur capital u
mbffrakV	U+1D581	mathematical bold fraktur capital v
mbffrakW	U+1D582	mathematical bold fraktur capital w
mbffrakX	U+1D583	mathematical bold fraktur capital x
mbffrakY	U+1D584	mathematical bold fraktur capital y
mbffrakZ	U+1D585	mathematical bold fraktur capital z
mbffraka	U+1D586	mathematical bold fraktur small a
mbffrakb	U+1D587	mathematical bold fraktur small b
mbffrakc	U+1D588	mathematical bold fraktur small c
mbffrakd	U+1D589	mathematical bold fraktur small d
mbffrake	U+1D58A	mathematical bold fraktur small e
mbffrakf	U+1D58B	mathematical bold fraktur small f
mbffrakg	U+1D58C	mathematical bold fraktur small g
mbffrakh	U+1D58D	mathematical bold fraktur small h
mbffraki	U+1D58E	mathematical bold fraktur small i
mbffrakj	U+1D58F	mathematical bold fraktur small j
mbffrakk	U+1D590	mathematical bold fraktur small k
mbffrakl	U+1D591	mathematical bold fraktur small l
mbffrakm	U+1D592	mathematical bold fraktur small m
mbffrakn	U+1D593	mathematical bold fraktur small n
mbffrako	U+1D594	mathematical bold fraktur small o
mbffrakp	U+1D595	mathematical bold fraktur small p
mbffrakq	U+1D596	mathematical bold fraktur small q
mbffrakr	U+1D597	mathematical bold fraktur small r
mbffraks	U+1D598	mathematical bold fraktur small s
mbffrakt	U+1D599	mathematical bold fraktur small t
mbffraku	U+1D59A	mathematical bold fraktur small u
mbffrakv	U+1D59B	mathematical bold fraktur small v
mbffrakw	U+1D59C	mathematical bold fraktur small w
mbffrakx	U+1D59D	mathematical bold fraktur small x
mbffraky	U+1D59E	mathematical bold fraktur small y
mbffrakz	U+1D59F	mathematical bold fraktur small z
msansA	U+1D5A0	mathematical sans-serif capital a
msansB	U+1D5A1	mathematical sans-serif capital b
msansC	U+1D5A2	mathematical sans-serif capital c
msansD	U+1D5A3	mathematical sans-serif capital d
msansE	U+1D5A4	mathematical sans-serif capital e
msansF	U+1D5A5	mathematical sans-serif capital f
msansG	U+1D5A6	mathematical sans-serif capital g
msansH	U+1D5A7	mathematical sans-serif capital h
msansI	U+1D5A8	mathematical sans-serif capital i
msansJ	U+1D5A9	mathematical sans-serif capital j
msansK	U+1D5AA	mathematical sans-serif capital k
msansL	U+1D5AB	mathematical sans-serif capital l
msansM	U+1D5AC	mathematical sans-serif capital m
msansN	U+1D5AD	mathematical sans-serif capital n
msansO	U+1D5AE	mathematical sans-serif capital o
msansP	U+1D5AF	mathematical sans-serif capital p
msansQ	U+1D5B0	mathematical sans-serif capital q
msansR	U+1D5B1	mathematical sans-serif capital r
msansS	U+1D5B2	mathematical sans-serif capital s
msansT	U+1D5B3	mathematical sans-serif capital t
msansU	U+1D5B4	mathematical sans-serif capital u
msansV	U+1D5B5	mathematical sans-serif capital v
msansW	U+1D5B6	mathematical sans-serif capital w
msansX	U+1D5B7	mathematical sans-serif capital x
msansY	U+1D5B8	mathematical sans-serif capital y
msansZ	U+1D5B9	mathematical sans-serif capital z
msansa	U+1D5BA	mathematical sans-serif small a
msansb	U+1D5BB	mathematical sans-serif small b
msansc	U+1D5BC	mathematical sans-serif small c
msansd	U+1D5BD	mathematical sans-serif small d
msanse	U+1D5BE	mathematical sans-serif small e
msansf	U+1D5BF	mathematical sans-serif small f
msansg	U+1D5C0	mathematical sans-serif small g
msansh	U+1D5C1	mathematical sans-serif small h
msansi	U+1D5C2	mathematical sans-serif small i
msansj	U+1D5C3	mathematical sans-serif small j
msansk	U+1D5C4	mathematical sans-serif small k
msansl	U+1D5C5	mathematical sans-serif small l
msansm	U+1D5C6	mathematical sans-serif small m
msansn	U+1D5C7	mathematical sans-serif small n
msanso	U+1D5C8	mathematical sans-serif small o
msansp	U+1D5C9	mathematical sans-serif small p
msansq	U+1D5CA	mathematical sans-serif small q
msansr	U+1D5CB	mathematical sans-serif small r
msanss	U+1D5CC	mathematical sans-serif small s
msanst	U+1D5CD	mathematical sans-serif small t
msansu	U+1D5CE	mathematical sans-serif small u
msansv	U+1D5CF	mathematical sans-serif small v
msansw	U+1D5D0	mathematical sans-serif small w
msansx	U+1D5D1	mathematical sans-serif small x
msansy	U+1D5D2	mathematical sans-serif small y
msansz	U+1D5D3	mathematical sans-serif small z
mbfsansA	U+1D5D4	mathematical sans-serif bold capital a
mbfsansB	U+1D5D5	mathematical sans-serif bold capital b
mbfsansC	U+1D5D6	mathematical sans-serif bold capital c
mbfsansD	U+1D5D7	mathematical sans-serif bold capital d
mbfsansE	U+1D5D8	mathematical sans-serif bold capital e
mbfsansF	U+1D5D9	mathematical sans-serif bold capital f
mbfsansG	U+1D5DA	mathematical sans-serif bold capital g
mbfsansH	U+1D5DB	mathematical sans-serif bold capital h
mbfsansI	U+1D5DC	mathematical sans-serif bold capital i
mbfsansJ	U+1D5DD	mathematical sans-serif bold capital j
mbfsansK	U+1D5DE	mathematical sans-serif bold capital k
mbfsansL	U+1D5DF	mathematical sans-serif bold capital l
mbfsansM	U+1D5E0	mathematical sans-serif bold capital m
mbfsansN	U+1D5E1	mathematical sans-serif bold capital n
mbfsansO	U+1D5E2	mathematical sans-serif bold capital o
mbfsansP	U+1D5E3	mathematical sans-serif bold capital p
mbfsansQ	U+1D5E4	mathematical sans-serif bold capital q
mbfsansR	U+1D5E5	mathematical sans-serif bold capital r
mbfsansS	U+1D5E6	mathematical sans-serif bold capital s
mbfsansT	U+1D5E7	mathematical sans-serif bold capital t
mbfsansU	U+1D5E8	mathematical sans-serif bold capital u
mbfsansV	U+1D5E9	mathematical sans-serif bold capital v
mbfsansW	U+1D5EA	mathematical sans-serif bold capital w
mbfsansX	U+1D5EB	mathematical sans-serif bold capital x
mbfsansY	U+1D5EC	mathematical sans-serif bold capital y
mbfsansZ	U+1D5ED	mathematical sans-serif bold capital z
mbfsansa	U+1D5EE	mathematical sans-serif bold small a
mbfsansb	U+1D5EF	mathematical sans-serif bold small b
mbfsansc	U+1D5F0	mathematical sans-serif bold small c
mbfsansd	U+1D5F1	mathematical sans-serif bold small d
mbfsanse	U+1D5F2	mathematical sans-serif bold small e
mbfsansf	U+1D5F3	mathematical sans-serif bold small f
mbfsansg	U+1D5F4	mathematical sans-serif bold small g
mbfsansh	U+1D5F5	mathematical sans-serif bold small h
mbfsansi	U+1D5F6	mathematical sans-serif bold small i
mbfsansj	U+1D5F7	mathematical sans-serif bold small j
mbfsansk	U+1D5F8	mathematical sans-serif bold small k
mbfsansl	U+1D5F9	mathematical sans-serif bold small l
mbfsansm	U+1D5FA	mathematical sans-serif bold small m
mbfsansn	U+1D5FB	mathematical sans-serif bold small n
mbfsanso	U+1D5FC	mathematical sans-serif bold small o
mbfsansp	U+1D5FD	mathematical sans-serif bold small p
mbfsansq	U+1D5FE	mathematical sans-serif bold small q
mbfsansr	U+1D5FF	mathematical sans-serif bold small r
mbfsanss	U+1D600	mathematical sans-serif bold small s
mbfsanst	U+1D601	mathematical sans-serif bold small t
mbfsansu	U+1D602	mathematical sans-serif bold small u
mbfsansv	U+1D603	mathematical sans-serif bold small v
mbfsansw	U+1D604	mathematical sans-serif bold small w
mbfsansx	U+1D605	mathematical sans-serif bold small x
mbfsansy	U+1D606	mathematical sans-serif bold small y
mbfsansz	U+1D607	mathematical sans-serif bold small z
mitsansA	U+1D608	mathematical sans-serif italic capital a
mitsansB	U+1D609	mathematical sans-serif italic capital b
mitsansC	U+1D60A	mathematical sans-serif italic capital c
mitsansD	U+1D60B	mathematical sans-serif italic capital d
mitsansE	U+1D60C	mathematical sans-serif italic capital e
mitsansF	U+1D60D	mathematical sans-serif italic capital f
mitsansG	U+1D60E	mathematical sans-serif italic capital g
mitsansH	U+1D60F	mathematical sans-serif italic capital h
mitsansI	U+1D610	mathematical sans-serif italic capital i
mitsansJ	U+1D611	mathematical sans-serif italic capital j
mitsansK	U+1D612	mathematical sans-serif italic capital k
mitsansL	U+1D613	mathematical sans-serif italic capital l
mitsansM	U+1D614	mathematical sans-serif italic capital m
mitsansN	U+1D615	mathematical sans-serif italic capital n
mitsansO	U+1D616	mathematical sans-serif italic capital o
mitsansP	U+1D617	mathematical sans-serif italic capital p
mitsansQ	U+1D618	mathematical sans-serif italic capital q
mitsansR	U+1D619	mathematical sans-serif italic capital r
mitsansS	U+1D61A	mathematical sans-serif italic capital s
mitsansT	U+1D61B	mathematical sans-serif italic capital t
mitsansU	U+1D61C	mathematical sans-serif italic capital u
mitsansV	U+1D61D	mathematical sans-serif italic capital v
mitsansW	U+1D61E	mathematical sans-serif italic capital w
mitsansX	U+1D61F	mathematical sans-serif italic capital x
mitsansY	U+1D620	mathematical sans-serif italic capital y
mitsansZ	U+1D621	mathematical sans-serif italic capital z
mitsansa	U+1D622	mathematical sans-serif italic small a
mitsansb	U+1D623	mathematical sans-serif italic small b
mitsansc	U+1D624	mathematical sans-serif italic small c
mitsansd	U+1D625	mathematical sans-serif italic small d
mitsanse	U+1D626	mathematical sans-serif italic small e
mitsansf	U+1D627	mathematical sans-serif italic small f
mitsansg	U+1D628	mathematical sans-serif italic small g
mitsansh	U+1D629	mathematical sans-serif italic small h
mitsansi	U+1D62A	mathematical sans-serif italic small i
mitsansj	U+1D62B	mathematical sans-serif italic small j
mitsansk	U+1D62C	mathematical sans-serif italic small k
mitsansl	U+1D62D	mathematical sans-serif italic small l
mitsansm	U+1D62E	mathematical sans-serif italic small m
mitsansn	U+1D62F	mathematical sans-serif italic small n
mitsanso	U+1D630	mathematical sans-serif italic small o
mitsansp	U+1D631	mathematical sans-serif italic small p
mitsansq	U+1D632	mathematical sans-serif italic small q
mitsansr	U+1D633	mathematical sans-serif italic small r
mitsanss	U+1D634	mathematical sans-serif italic small s
mitsanst	U+1D635	mathematical sans-serif italic small t
mitsansu	U+1D636	mathematical sans-serif italic small u
mitsansv	U+1D637	mathematical sans-serif italic small v
mitsansw	U+1D638	mathematical sans-serif italic small w
mitsansx	U+1D639	mathematical sans-serif italic small x
mitsansy	U+1D63A	mathematical sans-serif italic small y
mitsansz	U+1D63B	mathematical sans-serif italic small z
mbfitsansA	U+1D63C	mathematical sans-serif bold italic capital a
mbfitsansB	U+1D63D	mathematical sans-serif bold italic capital b
mbfitsansC	U+1D63E	mathematical sans-serif bold italic capital c
mbfitsansD	U+1D63F	mathematical sans-serif bold italic capital d
mbfitsansE	U+1D640	mathematical sans-serif bold italic capital e
mbfitsansF	U+1D641	mathematical sans-serif bold italic capital f
mbfitsansG	U+1D642	mathematical sans-serif bold italic capital g
mbfitsansH	U+1D643	mathematical sans-serif bold italic capital h
mbfitsansI	U+1D644	mathematical sans-serif bold italic capital i
mbfitsansJ	U+1D645	mathematical sans-serif bold italic capital j
mbfitsansK	U+1D646	mathematical sans-serif bold italic capital k
mbfitsansL	U+1D647	mathematical sans-serif bold italic capital l
mbfitsansM	U+1D648	mathematical sans-serif bold italic capital m
mbfitsansN	U+1D649	mathematical sans-serif bold italic capital n
mbfitsansO	U+1D64A	mathematical sans-serif bold italic capital o
mbfitsansP	U+1D64B	mathematical sans-serif bold italic capital p
mbfitsansQ	U+1D64C	mathematical sans-serif bold italic capital q
mbfitsansR	U+1D64D	mathematical sans-serif bold italic capital r
mbfitsansS	U+1D64E	mathematical sans-serif bold italic capital s
mbfitsansT	U+1D64F	mathematical sans-serif bold italic capital t
mbfitsansU	U+1D650	mathematical sans-serif bold italic capital u
mbfitsansV	U+1D651	mathematical sans-serif bold italic capital v
mbfitsansW	U+1D652	mathematical sans-serif bold italic capital w
mbfitsansX	U+1D653	mathematical sans-serif bold italic capital x
mbfitsansY	U+1D654	mathematical sans-serif bold italic capital y
mbfitsansZ	U+1D655	mathematical sans-serif bold italic capital z
mbfitsansa	U+1D656	mathematical sans-serif bold italic small a
mbfitsansb	U+1D657	mathematical sans-serif bold italic small b
mbfitsansc	U+1D658	mathematical sans-serif bold italic small c
mbfitsansd	U+1D659	mathematical sans-serif bold italic small d
mbfitsanse	U+1D65A	mathematical sans-serif bold italic small e
mbfitsansf	U+1D65B	mathematical sans-serif bold italic small f
mbfitsansg	U+1D65C	mathematical sans-serif bold italic small g
mbfitsansh	U+1D65D	mathematical sans-serif bold italic small h
mbfitsansi	U+1D65E	mathematical sans-serif bold italic small i
mbfitsansj	U+1D65F	mathematical sans-serif bold italic small j
mbfitsansk	U+1D660	mathematical sans-serif bold italic small k
mbfitsansl	U+1D661	mathematical sans-serif bold italic small l
mbfitsansm	U+1D662	mathematical sans-serif bold italic small m
mbfitsansn	U+1D663	mathematical sans-serif bold italic small n
mbfitsanso	U+1D664	mathematical sans-serif bold italic small o
mbfitsansp	U+1D665	mathematical sans-serif bold italic small p
mbfitsansq	U+1D666	mathematical sans-serif bold italic small q
mbfitsansr	U+1D667	mathematical sans-serif bold italic small r
mbfitsanss	U+1D668	mathematical sans-serif bold italic small s
mbfitsanst	U+1D669	mathematical sans-serif bold italic small t
mbfitsansu	U+1D66A	mathematical sans-serif bold italic small u
mbfitsansv	U+1D66B	mathematical sans-serif bold italic small v
mbfitsansw	U+1D66C	mathematical sans-serif bold italic small w
mbfitsansx	U+1D66D	mathematical sans-serif bold italic small x
mbfitsansy	U+1D66E	mathematical sans-serif bold italic small y
mbfitsansz	U+1D66F	mathematical sans-serif bold italic small z
mttA	U+1D670	mathematical monospace capital a
mttB	U+1D671	mathematical monospace capital b
mttC	U+1D672	mathematical monospace capital c
mttD	U+1D673	mathematical monospace capital d
mttE	U+1D674	mathematical monospace capital e
mttF	U+1D675	mathematical monospace capital f
mttG	U+1D676	mathematical monospace capital g
mttH	U+1D677	mathematical monospace capital h
mttI	U+1D678	mathematical monospace capital i
mttJ	U+1D679	mathematical monospace capital j
mttK	U+1D67A	mathematical monospace capital k
mttL	U+1D67B	mathematical monospace capital l
mttM	U+1D67C	mathematical monospace capital m
mttN	U+1D67D	mathematical monospace capital n
mttO	U+1D67E	mathematical monospace capital o
mttP	U+1D67F	mathematical monospace capital p
mttQ	U+1D680	mathematical monospace capital q
mttR	U+1D681	mathematical monospace capital r
mttS	U+1D682	mathematical monospace capital s
mttT	U+1D683	mathematical monospace capital t
mttU	U+1D684	mathematical monospace capital u
mttV	U+1D685	mathematical monospace capital v
mttW	U+1D686	mathematical monospace capital w
mttX	U+1D687	mathematical monospace capital x
mttY	U+1D688	mathematical monospace capital y
mttZ	U+1D689	mathematical monospace capital z
mtta	U+1D68A	mathematical monospace small a
mttb	U+1D68B	mathematical monospace small b
mttc	U+1D68C	mathematical monospace small c
mttd	U+1D68D	mathematical monospace small d
mtte	U+1D68E	mathematical monospace small e
mttf	U+1D68F	mathematical monospace small f
mttg	U+1D690	mathematical monospace small g
mtth	U+1D691	mathematical monospace small h
mtti	U+1D692	mathematical monospace small i
mttj	U+1D693	mathematical monospace small j
mttk	U+1D694	mathematical monospace small k
mttl	U+1D695	mathematical monospace small l
mttm	U+1D696	mathematical monospace small m
mttn	U+1D697	mathematical monospace small n
mtto	U+1D698	mathematical monospace small o
mttp	U+1D699	mathematical monospace small p
mttq	U+1D69A	mathematical monospace small q
mttr	U+1D69B	mathematical monospace small r
mtts	U+1D69C	mathematical monospace small s
mttt	U+1D69D	mathematical monospace small t
mttu	U+1D69E	mathematical monospace small u
mttv	U+1D69F	mathematical monospace small v
mttw	U+1D6A0	mathematical monospace small w
mttx	U+1D6A1	mathematical monospace small x
mtty	U+1D6A2	mathematical monospace small y
mttz	U+1D6A3	mathematical monospace small z
imath	U+1D6A4	mathematical italic small dotless i
jmath	U+1D6A5	mathematical italic small dotless j
mbfAlpha	U+1D6A8	mathematical bold capital alpha
mbfBeta	U+1D6A9	mathematical bold capital beta
mbfGamma	U+1D6AA	mathematical bold capital gamma
mbfDelta	U+1D6AB	mathematical bold capital delta
mbfEpsilon	U+1D6AC	mathematical bold capital epsilon
mbfZeta	U+1D6AD	mathematical bold capital zeta
mbfEta	U+1D6AE	mathematical bold capital eta
mbfTheta	U+1D6AF	mathematical bold capital theta
mbfIota	U+1D6B0	mathematical bold capital iota
mbfKappa	U+1D6B1	mathematical bold capital kappa
mbfLambda	U+1D6B2	mathematical bold capital lambda
mbfMu	U+1D6B3	mathematical bold capital mu
mbfNu	U+1D6B4	mathematical bold capital nu
mbfXi	U+1D6B5	mathematical bold capital xi
mbfOmicron	U+1D6B6	mathematical bold capital omicron
mbfPi	U+1D6B7	mathematical bold capital pi
mbfRho	U+1D6B8	mathematical bold capital rho
mbfvarTheta	U+1D6B9	mathematical bold capital theta symbol
mbfSigma	U+1D6BA	mathematical bold capital sigma
mbfTau	U+1D6BB	mathematical bold capital tau
mbfUpsilon	U+1D6BC	mathematical bold capital upsilon
mbfPhi	U+1D6BD	mathematical bold capital phi
mbfChi	U+1D6BE	mathematical bold capital chi
mbfPsi	U+1D6BF	mathematical bold capital psi
mbfOmega	U+1D6C0	mathematical bold capital omega
mbfnabla	U+1D6C1	mathematical bold nabla
mbfalpha	U+1D6C2	mathematical bold small alpha
mbfbeta	U+1D6C3	mathematical bold small beta
mbfgamma	U+1D6C4	mathematical bold small gamma
mbfdelta	U+1D6C5	mathematical bold small delta
mbfvarepsilon	U+1D6C6	mathematical bold small varepsilon
mbfzeta	U+1D6C7	mathematical bold small zeta
mbfeta	U+1D6C8	mathematical bold small eta
mbftheta	U+1D6C9	mathematical bold small theta
mbfiota	U+1D6CA	mathematical bold small iota
mbfkappa	U+1D6CB	mathematical bold small kappa
mbflambda	U+1D6CC	mathematical bold small lambda
mbfmu	U+1D6CD	mathematical bold small mu
mbfnu	U+1D6CE	mathematical bold small nu
mbfxi	U+1D6CF	mathematical bold small xi
mbfomicron	U+1D6D0	mathematical bold small omicron
mbfpi	U+1D6D1	mathematical bold small pi
mbfrho	U+1D6D2	mathematical bold small rho
mbfvarsigma	U+1D6D3	mathematical bold small final sigma
mbfsigma	U+1D6D4	mathematical bold small sigma
mbftau	U+1D6D5	mathematical bold small tau
mbfupsilon	U+1D6D6	mathematical bold small upsilon
mbfvarphi	U+1D6D7	mathematical bold small phi
mbfchi	U+1D6D8	mathematical bold small chi
mbfpsi	U+1D6D9	mathematical bold small psi
mbfomega	U+1D6DA	mathematical bold small omega
mbfpartial	U+1D6DB	mathematical bold partial differential
mbfepsilon	U+1D6DC	mathematical bold varepsilon symbol
mbfvartheta	U+1D6DD	mathematical bold theta symbol
mbfvarkappa	U+1D6DE	mathematical bold kappa symbol
mbfphi	U+1D6DF	mathematical bold phi symbol
mbfvarrho	U+1D6E0	mathematical bold rho symbol
mbfvarpi	U+1D6E1	mathematical bold pi symbol
mitAlpha	U+1D6E2	mathematical italic capital alpha
mitBeta	U+1D6E3	mathematical italic capital beta
mitGamma	U+1D6E4	mathematical italic capital gamma
mitDelta	U+1D6E5	mathematical italic capital delta
mitEpsilon	U+1D6E6	mathematical italic capital epsilon
mitZeta	U+1D6E7	mathematical italic capital zeta
mitEta	U+1D6E8	mathematical italic capital eta
mitTheta	U+1D6E9	mathematical italic capital theta
mitIota	U+1D6EA	mathematical italic capital iota
mitKappa	U+1D6EB	mathematical italic capital kappa
mitLambda	U+1D6EC	mathematical italic capital lambda
mitMu	U+1D6ED	mathematical italic capital mu
mitNu	U+1D6EE	mathematical italic capital nu
mitXi	U+1D6EF	mathematical italic capital xi
mitOmicron	U+1D6F0	mathematical italic capital omicron
mitPi	U+1D6F1	mathematical italic capital pi
mitRho	U+1D6F2	mathematical italic capital rho
mitvarTheta	U+1D6F3	mathematical italic capital theta symbol
mitSigma	U+1D6F4	mathematical italic capital sigma
mitTau	U+1D6F5	mathematical italic capital tau
mitUpsilon	U+1D6F6	mathematical italic capital upsilon
mitPhi	U+1D6F7	mathematical italic capital phi
mitChi	U+1D6F8	mathematical italic capital chi
mitPsi	U+1D6F9	mathematical italic capital psi
mitOmega	U+1D6FA	mathematical italic capital omega
mitnabla	U+1D6FB	mathematical italic nabla
mitalpha	U+1D6FC	mathematical italic small alpha
mitbeta	U+1D6FD	mathematical italic small beta
mitgamma	U+1D6FE	mathematical italic small gamma
mitdelta	U+1D6FF	mathematical italic small delta
mitvarepsilon	U+1D700	mathematical italic small varepsilon
mitzeta	U+1D701	mathematical italic small zeta
miteta	U+1D702	mathematical italic small eta
mittheta	U+1D703	mathematical italic small theta
mitiota	U+1D704	mathematical italic small iota
mitkappa	U+1D705	mathematical italic small kappa
mitlambda	U+1D706	mathematical italic small lambda
mitmu	U+1D707	mathematical italic small mu
mitnu	U+1D708	mathematical italic small nu
mitxi	U+1D709	mathematical italic small xi
mitomicron	U+1D70A	mathematical italic small omicron
mitpi	U+1D70B	mathematical italic small pi
mitrho	U+1D70C	mathematical italic small rho
mitvarsigma	U+1D70D	mathematical italic small final sigma
mitsigma	U+1D70E	mathematical italic small sigma
mittau	U+1D70F	mathematical italic small tau
mitupsilon	U+1D710	mathematical italic small upsilon
mitvarphi	U+1D711	mathematical italic small phi
mitchi	U+1D712	mathematical italic small chi
mitpsi	U+1D713	mathematical italic small psi
mitomega	U+1D714	mathematical italic small omega
mitpartial	U+1D715	mathematical italic partial differential
mitepsilon	U+1D716	mathematical italic varepsilon symbol
mitvartheta	U+1D717	mathematical italic theta symbol
mitvarkappa	U+1D718	mathematical italic kappa symbol
mitphi	U+1D719	mathematical italic phi symbol
mitvarrho	U+1D71A	mathematical italic rho symbol
mitvarpi	U+1D71B	mathematical italic pi symbol
mbfitAlpha	U+1D71C	mathematical bold italic capital alpha
mbfitBeta	U+1D71D	mathematical bold italic capital beta
mbfitGamma	U+1D71E	mathematical bold italic capital gamma
mbfitDelta	U+1D71F	mathematical bold italic capital delta
mbfitEpsilon	U+1D720	mathematical bold italic capital epsilon
mbfitZeta	U+1D721	mathematical bold italic capital zeta
mbfitEta	U+1D722	mathematical bold italic capital eta
mbfitTheta	U+1D723	mathematical bold italic capital theta
mbfitIota	U+1D724	mathematical bold italic capital iota
mbfitKappa	U+1D725	mathematical bold italic capital kappa
mbfitLambda	U+1D726	mathematical bold italic capital lambda
mbfitMu	U+1D727	mathematical bold italic capital mu
mbfitNu	U+1D728	mathematical bold italic capital nu
mbfitXi	U+1D729	mathematical bold italic capital xi
mbfitOmicron	U+1D72A	mathematical bold italic capital omicron
mbfitPi	U+1D72B	mathematical bold italic capital pi
mbfitRho	U+1D72C	mathematical bold italic capital rho
mbfitvarTheta	U+1D72D	mathematical bold italic capital theta symbol
mbfitSigma	U+1D72E	mathematical bold italic capital sigma
mbfitTau	U+1D72F	mathematical bold italic capital tau
mbfitUpsilon	U+1D730	mathematical bold italic capital upsilon
mbfitPhi	U+1D731	mathematical bold italic capital phi
mbfitChi	U+1D732	mathematical bold italic capital chi
mbfitPsi	U+1D733	mathematical bold italic capital psi
mbfitOmega	U+1D734	mathematical bold italic capital omega
mbfitnabla	U+1D735	mathematical bold italic nabla
mbfitalpha	U+1D736	mathematical bold italic small alpha
mbfitbeta	U+1D737	mathematical bold italic small beta
mbfitgamma	U+1D738	mathematical bold italic small gamma
mbfitdelta	U+1D739	mathematical bold italic small delta
mbfitvarepsilon	U+1D73A	mathematical bold italic small varepsilon
mbfitzeta	U+1D73B	mathematical bold italic small zeta
mbfiteta	U+1D73C	mathematical bold italic small eta
mbfittheta	U+1D73D	mathematical bold italic small theta
mbfitiota	U+1D73E	mathematical bold italic small iota
mbfitkappa	U+1D73F	mathematical bold italic small kappa
mbfitlambda	U+1D740	mathematical bold italic small lambda
mbfitmu	U+1D741	mathematical bold italic small mu
mbfitnu	U+1D742	mathematical bold italic small nu
mbfitxi	U+1D743	mathematical bold italic small xi
mbfitomicron	U+1D744	mathematical bold italic small omicron
mbfitpi	U+1D745	mathematical bold italic small pi
mbfitrho	U+1D746	mathematical bold italic small rho
mbfitvarsigma	U+1D747	mathematical bold italic small final sigma
mbfitsigma	U+1D748	mathematical bold italic small sigma
mbfittau	U+1D749	mathematical bold italic small tau
mbfitupsilon	U+1D74A	mathematical bold italic small upsilon
mbfitvarphi	U+1D74B	mathematical bold italic small phi
mbfitchi	U+1D74C	mathematical bold italic small chi
mbfitpsi	U+1D74D	mathematical bold italic small psi
mbfitomega	U+1D74E	mathematical bold italic small omega
mbfitpartial	U+1D74F	mathematical bold italic partial differential
mbfitepsilon	U+1D750	mathematical bold italic varepsilon symbol
mbfitvartheta	U+1D751	mathematical bold italic theta symbol
mbfitvarkappa	U+1D752	mathematical bold italic kappa symbol
mbfitphi	U+1D753	mathematical bold italic phi symbol
mbfitvarrho	U+1D754	mathematical bold italic rho symbol
mbfitvarpi	U+1D755	mathematical bold italic pi symbol
mbfsansAlpha	U+1D756	mathematical sans-serif bold capital alpha
mbfsansBeta	U+1D757	mathematical sans-serif bold capital beta
mbfsansGamma	U+1D758	mathematical sans-serif bold capital gamma
mbfsansDelta	U+1D759	mathematical sans-serif bold capital delta
mbfsansEpsilon	U+1D75A	mathematical sans-serif bold capital epsilon
mbfsansZeta	U+1D75B	mathematical sans-serif bold capital zeta
mbfsansEta	U+1D75C	mathematical sans-serif bold capital eta
mbfsansTheta	U+1D75D	mathematical sans-serif bold capital theta
mbfsansIota	U+1D75E	mathematical sans-serif bold capital iota
mbfsansKappa	U+1D75F	mathematical sans-serif bold capital kappa
mbfsansLambda	U+1D760	mathematical sans-serif bold capital lambda
mbfsansMu	U+1D761	mathematical sans-serif bold capital mu
mbfsansNu	U+1D762	mathematical sans-serif bold capital nu
mbfsansXi	U+1D763	mathematical sans-serif bold capital xi
mbfsansOmicron	U+1D764	mathematical sans-serif bold capital omicron
mbfsansPi	U+1D765	mathematical sans-serif bold capital pi
mbfsansRho	U+1D766	mathematical sans-serif bold capital rho
mbfsansvarTheta	U+1D767	mathematical sans-serif bold capital theta symbol
mbfsansSigma	U+1D768	mathematical sans-serif bold capital sigma
mbfsansTau	U+1D769	mathematical sans-serif bold capital tau
mbfsansUpsilon	U+1D76A	mathematical sans-serif bold capital upsilon
mbfsansPhi	U+1D76B	mathematical sans-serif bold capital phi
mbfsansChi	U+1D76C	mathematical sans-serif bold capital chi
mbfsansPsi	U+1D76D	mathematical sans-serif bold capital psi
mbfsansOmega	U+1D76E	mathematical sans-serif bold capital omega
mbfsansnabla	U+1D76F	mathematical sans-serif bold nabla
mbfsansalpha	U+1D770	mathematical sans-serif bold small alpha
mbfsansbeta	U+1D771	mathematical sans-serif bold small beta
mbfsansgamma	U+1D772	mathematical sans-serif bold small gamma
mbfsansdelta	U+1D773	mathematical sans-serif bold small delta
mbfsansvarepsilon	U+1D774	mathematical sans-serif bold small varepsilon
mbfsanszeta	U+1D775	mathematical sans-serif bold small zeta
mbfsanseta	U+1D776	mathematical sans-serif bold small eta
mbfsanstheta	U+1D777	mathematical sans-serif bold small theta
mbfsansiota	U+1D778	mathematical sans-serif bold small iota
mbfsanskappa	U+1D779	mathematical sans-serif bold small kappa
mbfsanslambda	U+1D77A	mathematical sans-serif bold small lambda
mbfsansmu	U+1D77B	mathematical sans-serif bold small mu
mbfsansnu	U+1D77C	mathematical sans-serif bold small nu
mbfsansxi	U+1D77D	mathematical sans-serif bold small xi
mbfsansomicron	U+1D77E	mathematical sans-serif bold small omicron
mbfsanspi	U+1D77F	mathematical sans-serif bold small pi
mbfsansrho	U+1D780	mathematical sans-serif bold small rho
mbfsansvarsigma	U+1D781	mathematical sans-serif bold small final sigma
mbfsanssigma	U+1D782	mathematical sans-serif bold small sigma
mbfsanstau	U+1D783	mathematical sans-serif bold small tau
mbfsansupsilon	U+1D784	mathematical sans-serif bold small upsilon
mbfsansvarphi	U+1D785	mathematical sans-serif bold small phi
mbfsanschi	U+1D786	mathematical sans-serif bold small chi
mbfsanspsi	U+1D787	mathematical sans-serif bold small psi
mbfsansomega	U+1D788	mathematical sans-serif bold small omega
mbfsanspartial	U+1D789	mathematical sans-serif bold partial differential
mbfsansepsilon	U+1D78A	mathematical sans-serif bold varepsilon symbol
mbfsansvartheta	U+1D78B	mathematical sans-serif bold theta symbol
mbfsansvarkappa	U+1D78C	mathematical sans-serif bold kappa symbol
mbfsansphi	U+1D78D	mathematical sans-serif bold phi symbol
mbfsansvarrho	U+1D78E	mathematical sans-serif bold rho symbol
mbfsansvarpi	U+1D78F	mathematical sans-serif bold pi symbol
mbfitsansAlpha	U+1D790	mathematical sans-serif bold italic capital alpha
mbfitsansBeta	U+1D791	mathematical sans-serif bold italic capital beta
mbfitsansGamma	U+1D792	mathematical sans-serif bold italic capital gamma
mbfitsansDelta	U+1D793	mathematical sans-serif bold italic capital delta
mbfitsansEpsilon	U+1D794	mathematical sans-serif bold italic capital epsilon
mbfitsansZeta	U+1D795	mathematical sans-serif bold italic capital zeta
mbfitsansEta	U+1D796	mathematical sans-serif bold italic capital eta
mbfitsansTheta	U+1D797	mathematical sans-serif bold italic capital theta
mbfitsansIota	U+1D798	mathematical sans-serif bold italic capital iota
mbfitsansKappa	U+1D799	mathematical sans-serif bold italic capital kappa
mbfitsansLambda	U+1D79A	mathematical sans-serif bold italic capital lambda
mbfitsansMu	U+1D79B	mathematical sans-serif bold italic capital mu
mbfitsansNu	U+1D79C	mathematical sans-serif bold italic capital nu
mbfitsansXi	U+1D79D	mathematical sans-serif bold italic capital xi
mbfitsansOmicron	U+1D79E	mathematical sans-serif bold italic capital omicron
mbfitsansPi	U+1D79F	mathematical sans-serif bold italic capital pi
mbfitsansRho	U+1D7A0	mathematical sans-serif bold italic capital rho
mbfitsansvarTheta	U+1D7A1	mathematical sans-serif bold italic capital theta symbol
mbfitsansSigma	U+1D7A2	mathematical sans-serif bold italic capital sigma
mbfitsansTau	U+1D7A3	mathematical sans-serif bold italic capital tau
mbfitsansUpsilon	U+1D7A4	mathematical sans-serif bold italic capital upsilon
mbfitsansPhi	U+1D7A5	mathematical sans-serif bold italic capital phi
mbfitsansChi	U+1D7A6	mathematical sans-serif bold italic capital chi
mbfitsansPsi	U+1D7A7	mathematical sans-serif bold italic capital psi
mbfitsansOmega	U+1D7A8	mathematical sans-serif bold italic capital omega
mbfitsansnabla	U+1D7A9	mathematical sans-serif bold italic nabla
mbfitsansalpha	U+1D7AA	mathematical sans-serif bold italic small alpha
mbfitsansbeta	U+1D7AB	mathematical sans-serif bold italic small beta
mbfitsansgamma	U+1D7AC	mathematical sans-serif bold italic small gamma
mbfitsansdelta	U+1D7AD	mathematical sans-serif bold italic small delta
mbfitsansvarepsilon	U+1D7AE	mathematical sans-serif bold italic small varepsilon
mbfitsanszeta	U+1D7AF	mathematical sans-serif bold italic small zeta
mbfitsanseta	U+1D7B0	mathematical sans-serif bold italic small eta
mbfitsanstheta	U+1D7B1	mathematical sans-serif bold italic small theta
mbfitsansiota	U+1D7B2	mathematical sans-serif bold italic small iota
mbfitsanskappa	U+1D7B3	mathematical sans-serif bold italic small kappa
mbfitsanslambda	U+1D7B4	mathematical sans-serif bold italic small lambda
mbfitsansmu	U+1D7B5	mathematical sans-serif bold italic small mu
mbfitsansnu	U+1D7B6	mathematical sans-serif bold italic small nu
mbfitsansxi	U+1D7B7	mathematical sans-serif bold italic small xi
mbfitsansomicron	U+1D7B8	mathematical sans-serif bold italic small omicron
mbfitsanspi	U+1D7B9	mathematical sans-serif bold italic small pi
mbfitsansrho	U+1D7BA	mathematical sans-serif bold italic small rho
mbfitsansvarsigma	U+1D7BB	mathematical sans-serif bold italic small final sigma
mbfitsanssigma	U+1D7BC	mathematical sans-serif bold italic small sigma
mbfitsanstau	U+1D7BD	mathematical sans-serif bold italic small tau
mbfitsansupsilon	U+1D7BE	mathematical sans-serif bold italic small upsilon
mbfitsansvarphi	U+1D7BF	mathematical sans-serif bold italic small phi
mbfitsanschi	U+1D7C0	mathematical sans-serif bold italic small chi
mbfitsanspsi	U+1D7C1	mathematical sans-serif bold italic small psi
mbfitsansomega	U+1D7C2	mathematical sans-serif bold italic small omega
mbfitsanspartial	U+1D7C3	mathematical sans-serif bold italic partial differential
mbfitsansepsilon	U+1D7C4	mathematical sans-serif bold italic varepsilon symbol
mbfitsansvartheta	U+1D7C5	mathematical sans-serif bold italic theta symbol
mbfitsansvarkappa	U+1D7C6	mathematical sans-serif bold italic kappa symbol
mbfitsansphi	U+1D7C7	mathematical sans-serif bold italic phi symbol
mbfitsansvarrho	U+1D7C8	mathematical sans-serif bold italic rho symbol
mbfitsansvarpi	U+1D7C9	mathematical sans-serif bold italic pi symbol
mbfDigamma	U+1D7CA	mathematical bold capital digamma
mbfdigamma	U+1D7CB	mathematical bold small digamma
mbfzero	U+1D7CE	mathematical bold digit 0
mbfone	U+1D7CF	mathematical bold digit 1
mbftwo	U+1D7D0	mathematical bold digit 2
mbfthree	U+1D7D1	mathematical bold digit 3
mbffour	U+1D7D2	mathematical bold digit 4
mbffive	U+1D7D3	mathematical bold digit 5
mbfsix	U+1D7D4	mathematical bold digit 6
mbfseven	U+1D7D5	mathematical bold digit 7
mbfeight	U+1D7D6	mathematical bold digit 8
mbfnine	U+1D7D7	mathematical bold digit 9
Bbbzero	U+1D7D8	mathematical double-struck digit 0
Bbbone	U+1D7D9	mathematical double-struck digit 1
Bbbtwo	U+1D7DA	mathematical double-struck digit 2
Bbbthree	U+1D7DB	mathematical double-struck digit 3
Bbbfour	U+1D7DC	mathematical double-struck digit 4
Bbbfive	U+1D7DD	mathematical double-struck digit 5
Bbbsix	U+1D7DE	mathematical double-struck digit 6
Bbbseven	U+1D7DF	mathematical double-struck digit 7
Bbbeight	U+1D7E0	mathematical double-struck digit 8
Bbbnine	U+1D7E1	mathematical double-struck digit 9
msanszero	U+1D7E2	mathematical sans-serif digit 0
msansone	U+1D7E3	mathematical sans-serif digit 1
msanstwo	U+1D7E4	mathematical sans-serif digit 2
msansthree	U+1D7E5	mathematical sans-serif digit 3
msansfour	U+1D7E6	mathematical sans-serif digit 4
msansfive	U+1D7E7	mathematical sans-serif digit 5
msanssix	U+1D7E8	mathematical sans-serif digit 6
msansseven	U+1D7E9	mathematical sans-serif digit 7
msanseight	U+1D7EA	mathematical sans-serif digit 8
msansnine	U+1D7EB	mathematical sans-serif digit 9
mbfsanszero	U+1D7EC	mathematical sans-serif bold digit 0
mbfsansone	U+1D7ED	mathematical sans-serif bold digit 1
mbfsanstwo	U+1D7EE	mathematical sans-serif bold digit 2
mbfsansthree	U+1D7EF	mathematical sans-serif bold digit 3
mbfsansfour	U+1D7F0	mathematical sans-serif bold digit 4
mbfsansfive	U+1D7F1	mathematical sans-serif bold digit 5
mbfsanssix	U+1D7F2	mathematical sans-serif bold digit 6
mbfsansseven	U+1D7F3	mathematical sans-serif bold digit 7
mbfsanseight	U+1D7F4	mathematical sans-serif bold digit 8
mbfsansnine	U+1D7F5	mathematical sans-serif bold digit 9
mttzero	U+1D7F6	mathematical monospace digit 0
mttone	U+1D7F7	mathematical monospace digit 1
mtttwo	U+1D7F8	mathematical monospace digit 2
mttthree	U+1D7F9	mathematical monospace digit 3
mttfour	U+1D7FA	mathematical monospace digit 4
mttfive	U+1D7FB	mathematical monospace digit 5
mttsix	U+1D7FC	mathematical monospace digit 6
mttseven	U+1D7FD	mathematical monospace digit 7
mtteight	U+1D7FE	mathematical monospace digit 8
mttnine	U+1D7FF	mathematical monospace digit 9
arabicmaj	U+1EEF0	arabic mathematical operator meem with hah with tatweel
arabichad	U+1EEF1	arabic mathematical operator hah with dal
